[
    {
        "id": "e760fa60fa964fb2",
        "type": "tab",
        "label": "Flow 1",
        "disabled": false,
        "info": "",
        "env": []
    },
    {
        "id": "014296002003fba9",
        "type": "json",
        "z": "e760fa60fa964fb2",
        "name": "",
        "property": "payload",
        "action": "obj",
        "pretty": false,
        "x": 290,
        "y": 320,
        "wires": [
            [
                "c7be80c0fd3b9063",
                "a357f8f2db6d62bd"
            ]
        ]
    },
    {
        "id": "c7be80c0fd3b9063",
        "type": "function",
        "z": "e760fa60fa964fb2",
        "name": "Enviar inteiro",
        "func": "msg.payload = msg.payload.temperature;\nreturn msg;",
        "outputs": 1,
        "timeout": 0,
        "noerr": 0,
        "initialize": "",
        "finalize": "",
        "libs": [],
        "x": 570,
        "y": 260,
        "wires": [
            [
                "90fea0bfe209a8c9"
            ]
        ]
    },
    {
        "id": "a357f8f2db6d62bd",
        "type": "function",
        "z": "e760fa60fa964fb2",
        "name": "Enviar float",
        "func": "msg.payload = msg.payload.humidity;\nreturn msg;",
        "outputs": 1,
        "timeout": 0,
        "noerr": 0,
        "initialize": "",
        "finalize": "",
        "libs": [],
        "x": 570,
        "y": 400,
        "wires": [
            [
                "80747ce7125c2232"
            ]
        ]
    },
    {
        "id": "5f33751f3452f6b8",
        "type": "debug",
        "z": "e760fa60fa964fb2",
        "name": "debug 1",
        "active": true,
        "tosidebar": true,
        "console": false,
        "tostatus": false,
        "complete": "false",
        "statusVal": "",
        "statusType": "auto",
        "x": 1080,
        "y": 500,
        "wires": []
    },
    {
        "id": "a3978f1a4f8e8c85",
        "type": "debug",
        "z": "e760fa60fa964fb2",
        "name": "debug 2",
        "active": true,
        "tosidebar": true,
        "console": false,
        "tostatus": false,
        "complete": "false",
        "statusVal": "",
        "statusType": "auto",
        "x": 1040,
        "y": 180,
        "wires": []
    },
    {
        "id": "90fea0bfe209a8c9",
        "type": "modbus-write",
        "z": "e760fa60fa964fb2",
        "name": "REG-0",
        "showStatusActivities": false,
        "showErrors": false,
        "showWarnings": true,
        "unitid": "1",
        "dataType": "HoldingRegister",
        "adr": "0",
        "quantity": "1",
        "server": "68998793f01889ac",
        "emptyMsgOnFail": false,
        "keepMsgProperties": false,
        "delayOnStart": false,
        "startDelayTime": "",
        "x": 770,
        "y": 260,
        "wires": [
            [
                "a3978f1a4f8e8c85"
            ],
            []
        ]
    },
    {
        "id": "80747ce7125c2232",
        "type": "modbus-write",
        "z": "e760fa60fa964fb2",
        "name": "REG-1.2",
        "showStatusActivities": false,
        "showErrors": false,
        "showWarnings": true,
        "unitid": "2",
        "dataType": "HoldingRegister",
        "adr": "1",
        "quantity": "1",
        "server": "68998793f01889ac",
        "emptyMsgOnFail": false,
        "keepMsgProperties": false,
        "delayOnStart": false,
        "startDelayTime": "",
        "x": 760,
        "y": 400,
        "wires": [
            [
                "5f33751f3452f6b8"
            ],
            []
        ]
    },
    {
        "id": "6047bf83c130dc40",
        "type": "modbus-server",
        "z": "e760fa60fa964fb2",
        "name": "",
        "logEnabled": false,
        "hostname": "127.0.0.1",
        "serverPort": "502",
        "responseDelay": 100,
        "delayUnit": "ms",
        "coilsBufferSize": "10",
        "holdingBufferSize": "10",
        "inputBufferSize": "10",
        "discreteBufferSize": "10",
        "showErrors": false,
        "showStatusActivities": false,
        "x": 800,
        "y": 580,
        "wires": [
            [],
            [],
            [],
            [],
            []
        ]
    },
    {
        "id": "b0522a7d8d8bca44",
        "type": "serial in",
        "z": "e760fa60fa964fb2",
        "name": "",
        "serial": "e457d3f1d9656543",
        "x": 130,
        "y": 320,
        "wires": [
            [
                "014296002003fba9"
            ]
        ]
    },
    {
        "id": "68998793f01889ac",
        "type": "modbus-client",
        "name": "Local",
        "clienttype": "tcp",
        "bufferCommands": true,
        "stateLogEnabled": false,
        "queueLogEnabled": false,
        "failureLogEnabled": true,
        "tcpHost": "127.0.0.1",
        "tcpPort": 502,
        "tcpType": "DEFAULT",
        "serialPort": "/dev/ttyUSB",
        "serialType": "RTU-BUFFERD",
        "serialBaudrate": 9600,
        "serialDatabits": 8,
        "serialStopbits": 1,
        "serialParity": "none",
        "serialConnectionDelay": 100,
        "serialAsciiResponseStartDelimiter": "0x3A",
        "unit_id": 1,
        "commandDelay": 1,
        "clientTimeout": 1000,
        "reconnectOnTimeout": true,
        "reconnectTimeout": 2000,
        "parallelUnitIdsAllowed": true,
        "showErrors": false,
        "showWarnings": true,
        "showLogs": true
    },
    {
        "id": "e457d3f1d9656543",
        "type": "serial-port",
        "name": "ARDUINO",
        "serialport": "COM4",
        "serialbaud": "9600",
        "databits": 8,
        "parity": "none",
        "stopbits": 1,
        "waitfor": "",
        "dtr": "none",
        "rts": "none",
        "cts": "none",
        "dsr": "none",
        "newline": "\\n",
        "bin": "false",
        "out": "char",
        "addchar": "",
        "responsetimeout": 10000
    }
]