Date;Last;Opening;Max;Min
23/08/20;5,5563;5,5766;5,6133;5,5058
16/08/20;5,6192;5,441;5,6733;5,4089
09/08/20;5,4204;5,4395;5,4925;5,349
02/08/20;5,4383;5,2223;5,4394;5,2115
26/07/20;5,224;5,2332;5,2332;5,1145
19/07/20;5,2334;5,387;5,3913;5,0827
12/07/20;5,3864;5,313;5,4542;5,2917
05/07/20;5,324;5,315;5,4017;5,245
28/06/20;5,3161;5,4847;5,5082;5,2656
21/06/20;5,4858;5,2904;5,4931;5,1336
14/06/20;5,3122;5,1314;5,3884;5,0477
07/06/20;5,0518;4,9619;5,1118;4,8175
31/05/20;4,9592;5,334;5,4196;4,9328
24/05/20;5,337;5,4942;5,5301;5,2691
17/05/20;5,534;5,8565;5,8565;5,5229
10/05/20;5,857;5,7825;5,9718;5,742
03/05/20;5,7329;5,6141;5,9922;5,4818
26/04/20;5,4861;5,5427;5,726;5,3306
19/04/20;5,5915;5,2864;5,7484;5,2642
12/04/20;5,2373;5,1219;5,2761;5,1038
05/04/20;5,1068;5,2998;5,3114;5,0487
29/03/20;5,3509;5,118;5,3541;5,1128
22/03/20;5,1005;5,0628;5,1479;4,9722
15/03/20;5,064;4,86;5,255;4,86
08/03/20;4,8595;4,7602;5,0293;4,6353
01/03/20;4,6272;4,4949;4,6713;4,4517
23/02/20;4,4736;4,388;4,5138;4,3872
16/02/20;4,3898;4,2999;4,4066;4,2969
09/02/20;4,2976;4,3202;4,3831;4,2903
02/02/20;4,3206;4,2805;4,3238;4,2082
26/01/20;4,2824;4,1836;4,2904;4,1799
19/01/20;4,1817;4,1653;4,2173;4,1551
12/01/20;4,162;4,0896;4,2007;4,0878
05/01/20;4,0963;4,0565;4,1045;4,0396
29/12/19;4,0672;4,0483;4,0718;4,0032
22/12/19;4,046;4,1017;4,1017;4,0339
15/12/19;4,1025;4,1095;4,1095;4,0462
08/12/19;4,1082;4,1417;4,1608;4,0751
01/12/19;4,1414;4,2363;4,2534;4,133
24/11/19;4,2367;4,1989;4,2773;4,1823
17/11/19;4,1966;4,178;4,2241;4,1693
10/11/19;4,1962;4,1669;4,1991;4,1354
03/11/19;4,1635;3,9884;4,1707;3,9741
27/10/19;3,9903;4,0024;4,038;3,9634
20/10/19;4,0038;4,1115;4,1525;3,9913
13/10/19;4,1117;4,1075;4,1878;4,1075
06/10/19;4,1097;4,0563;4,1373;4,056
29/09/19;4,0556;4,1618;4,1855;4,0496
22/09/19;4,1602;4,149;4,1945;4,1207
15/09/19;4,148;4,0854;4,1841;4,0713
08/09/19;4,0849;4,0638;4,1301;4,0269
01/09/19;4,0618;4,1441;4,1898;4,0531
25/08/19;4,1453;4,1198;4,1951;4,1029
18/08/19;4,1198;4,0023;4,132;3,9895
11/08/19;4,0058;3,9395;4,0539;3,9384
04/08/19;3,9416;3,8864;3,9932;3,8864
28/07/19;3,8893;3,7757;3,8937;3,748
21/07/19;3,7761;3,746;3,807;3,7294
14/07/19;3,7494;3,7369;3,7723;3,7186
07/07/19;3,7373;3,8165;3,8184;3,7304
30/06/19;3,8221;3,8377;3,881;3,7831
23/06/19;3,852;3,8212;3,8728;3,8061
16/06/19;3,8192;3,8966;3,9245;3,8119
09/06/19;3,8958;3,8752;3,9135;3,8293
02/06/19;3,8789;3,924;3,9356;3,837
26/05/19;3,9228;4,0132;4,0545;3,909
19/05/19;4,0225;4,1022;4,1226;4,0072
12/05/19;4,0999;3,976;4,1129;3,9657
05/05/19;3,9572;3,9379;4,0002;3,925
28/04/19;3,9382;3,9294;3,9718;3,9124
21/04/19;3,9293;3,9264;4,0064;3,9122
14/04/19;3,9275;3,8823;3,9525;3,86
07/04/19;3,8819;3,8721;3,908;3,8146
31/03/19;3,8735;3,8892;3,8927;3,8325
24/03/19;3,9247;3,9047;4,0163;3,8339
17/03/19;3,9071;3,8164;3,9169;3,7383
10/03/19;3,8144;3,8678;3,8725;3,8003
03/03/19;3,8668;3,774;3,9032;3,774
24/02/19;3,7752;3,7468;3,7957;3,717
17/02/19;3,7485;3,7012;3,7721;3,6898
10/02/19;3,7008;3,7312;3,7952;3,6983
03/02/19;3,7292;3,6599;3,7477;3,6593
27/01/19;3,6597;3,7776;3,7874;3,6358
20/01/19;3,7708;3,7607;3,8176;3,7378
13/01/19;3,7517;3,7123;3,7756;3,6848
06/01/19;3,7113;3,7139;3,7416;3,6747
30/12/18;3,7155;3,8784;3,8969;3,7088
23/12/18;3,8813;3,9043;3,9461;3,8298
16/12/18;3,904;3,9173;3,9285;3,8324
09/12/18;3,9171;3,9075;3,9454;3,8362
02/12/18;3,9075;3,8663;3,9432;3,8147
25/11/18;3,8669;3,8179;3,9447;3,8166
18/11/18;3,8283;3,7466;3,8306;3,742
11/11/18;3,7435;3,7487;3,8313;3,7296
04/11/18;3,7335;3,6967;3,7874;3,6909
28/10/18;3,6968;3,6431;3,7445;3,5814
21/10/18;3,6429;3,6943;3,7463;3,6395
14/10/18;3,7149;3,7569;3,7652;3,6648
07/10/18;3,783;3,7276;3,7914;3,7008
30/09/18;3,8413;4,0502;4,0635;3,822
23/09/18;4,0491;4,0656;4,1427;3,9676
16/09/18;4,0516;4,1741;4,2038;4,0278
09/09/18;4,1742;4,067;4,2105;4,0514
02/09/18;4,0597;4,0918;4,1908;4,0357
26/08/18;4,0556;4,1063;4,2159;4,0478
19/08/18;4,102;3,9139;4,1326;3,9139
12/08/18;3,9116;3,859;3,9537;3,8588
05/08/18;3,8596;3,7054;3,8746;3,6909
29/07/18;3,708;3,7146;3,7825;3,6963
22/07/18;3,7114;3,7673;3,804;3,6892
15/07/18;3,7681;3,8516;3,8927;3,7584
08/07/18;3,8518;3,8643;3,9021;3,7931
01/07/18;3,8628;3,8782;3,9529;3,8594
24/06/18;3,8771;3,788;3,8801;3,761
17/06/18;3,786;3,7308;3,8041;3,7064
10/06/18;3,7296;3,7094;3,8155;3,6677
03/06/18;3,7094;3,766;3,9674;3,6928
27/05/18;3,7633;3,6515;3,7706;3,6513
20/05/18;3,6524;3,7378;3,7388;3,6166
13/05/18;3,737;3,5991;3,7772;3,5728
06/05/18;3,5999;3,5314;3,613;3,5314
29/04/18;3,5303;3,4575;3,568;3,4575
22/04/18;3,4568;3,4145;3,5162;3,4145
15/04/18;3,413;3,4253;3,4364;3,3733
08/04/18;3,4223;3,3689;3,436;3,3632
01/04/18;3,3697;3,3053;3,3807;3,2961
25/03/18;3,3051;3,3138;3,3464;3,2922
18/03/18;3,3123;3,2784;3,319;3,263
11/03/18;3,2811;3,2551;3,2997;3,237
04/03/18;3,2553;3,2528;3,2708;3,2055
25/02/18;3,2528;3,2379;3,2716;3,2218
18/02/18;3,2379;3,2305;3,2738;3,2219
11/02/18;3,2312;3,2951;3,2971;3,1978
04/02/18;3,2942;3,2184;3,3188;3,2132
28/01/18;3,2181;3,153;3,2234;3,1454
21/01/18;3,151;3,1961;3,2441;3,1195
14/01/18;3,1962;3,2054;3,2386;3,1912
07/01/18;3,2064;3,2289;3,2556;3,1989
31/12/17;3,2292;3,3136;3,3136;3,2214
24/12/17;3,3125;3,3378;3,3378;3,2919
17/12/17;3,337;3,2947;3,3401;3,278
10/12/17;3,2947;3,2912;3,3476;3,2726
03/12/17;3,2919;3,2581;3,3182;3,2195
26/11/17;3,2581;3,233;3,2883;3,2002
19/11/17;3,233;3,2574;3,2657;3,2183
12/11/17;3,2574;3,2821;3,3176;3,2546
05/11/17;3,2779;3,3144;3,3144;3,2359
29/10/17;3,3144;3,2366;3,335;3,2343
22/10/17;3,2363;3,193;3,303;3,1894
15/10/17;3,1926;3,1452;3,198;3,1439
08/10/17;3,1452;3,1562;3,19;3,1437
01/10/17;3,1561;3,1641;3,1787;3,1221
24/09/17;3,1619;3,1324;3,2005;3,1258
17/09/17;3,125;3,1107;3,1473;3,1079
10/09/17;3,1085;3,0903;3,1505;3,079
03/09/17;3,0867;3,1402;3,1448;3,0819
27/08/17;3,1416;3,1593;3,1766;3,1223
20/08/17;3,1603;3,1492;3,1909;3,133
13/08/17;3,1465;3,1763;3,206;3,1404
06/08/17;3,1938;3,1311;3,221;3,1189
30/07/17;3,1313;3,1328;3,1446;3,1077
23/07/17;3,1319;3,1393;3,1773;3,1283
16/07/17;3,1418;3,1806;3,1875;3,1099
09/07/17;3,1799;3,2802;3,2814;3,1782
02/07/17;3,2813;3,3194;3,3317;3,2679
25/06/17;3,3072;3,3453;3,3453;3,2708
18/06/17;3,343;3,2901;3,3488;3,2801
11/06/17;3,2933;3,2967;3,334;3,2641
04/06/17;3,2971;3,2471;3,3026;3,2471
28/05/17;3,2483;3,267;3,2774;3,2151
21/05/17;3,2601;3,2533;3,319;3,247
14/05/17;3,2529;3,1225;3,4093;3,0873
07/05/17;3,1218;3,1753;3,2077;3,1164
30/04/17;3,1774;3,1774;3,1968;3,1413
23/04/17;3,1766;3,1505;3,2149;3,1181
16/04/17;3,1482;3,1448;3,1711;3,0878
09/04/17;3,1448;3,1465;3,1599;3,1145
02/04/17;3,1462;3,1231;3,1593;3,0802
26/03/17;3,1233;3,1077;3,1785;3,1073
19/03/17;3,1086;3,0928;3,1515;3,0606
12/03/17;3,0918;3,1387;3,1829;3,0875
05/03/17;3,1395;3,1158;3,1996;3,1012
26/02/17;3,1158;3,1115;3,1633;3,0905
19/02/17;3,111;3,1019;3,1195;3,0524
12/02/17;3,1048;3,1147;3,1286;3,0396
05/02/17;3,1157;3,1193;3,1376;3,1058
29/01/17;3,1176;3,1391;3,1631;3,1012
22/01/17;3,141;3,1695;3,1954;3,1398
15/01/17;3,169;3,2236;3,2445;3,1689
08/01/17;3,2213;3,225;3,2323;3,1528
01/01/17;3,2241;3,2534;3,2923;3,1871
25/12/16;3,2547;3,272;3,2969;3,2416
18/12/16;3,271;3,392;3,4037;3,2575
11/12/16;3,392;3,3775;3,4126;3,3017
04/12/16;3,3785;3,4765;3,4821;3,3525
27/11/16;3,4755;3,4215;3,4928;3,3756
20/11/16;3,4223;3,3838;3,4687;3,3288
13/11/16;3,3835;3,3927;3,475;3,3715
06/11/16;3,3915;3,2348;3,5086;3,163
30/10/16;3,2337;3,2045;3,2649;3,1638
23/10/16;3,2065;3,1515;3,2078;3,1026
16/10/16;3,1511;3,2066;3,218;3,1348
09/10/16;3,2051;3,2227;3,2279;3,1647
02/10/16;3,2204;3,263;3,2639;3,192
25/09/16;3,2603;3,245;3,2706;3,2137
18/09/16;3,245;3,2632;3,2792;3,1813
11/09/16;3,2622;3,2723;3,3681;3,2409
04/09/16;3,2735;3,2573;3,2864;3,1658
28/08/16;3,2568;3,2663;3,2918;3,2163
21/08/16;3,2655;3,207;3,2795;3,1849
14/08/16;3,2038;3,1918;3,2515;3,1564
07/08/16;3,1925;3,1644;3,195;3,113
31/07/16;3,166;3,2496;3,2936;3,1602
24/07/16;3,2486;3,2568;3,2999;3,2283
17/07/16;3,2565;3,2765;3,2965;3,2378
10/07/16;3,282;3,2999;3,3201;3,2172
03/07/16;3,3005;3,2336;3,372;3,23
26/06/16;3,2361;3,3725;3,4167;3,1831
19/06/16;3,3739;3,4177;3,4507;3,3318
12/06/16;3,4163;3,4195;3,5157;3,4134
05/06/16;3,4188;3,5278;3,5297;3,3565
29/05/16;3,524;3,6113;3,6381;3,5215
22/05/16;3,6115;3,5206;3,6303;3,5131
15/05/16;3,5202;3,5316;3,6191;3,4819
08/05/16;3,534;3,5025;3,677;3,4361
01/05/16;3,5023;3,4364;3,5835;3,4341
24/04/16;3,4358;3,5648;3,5701;3,4289
17/04/16;3,5646;3,5318;3,6188;3,4717
10/04/16;3,5332;3,5869;3,5918;3,4575
03/04/16;3,5901;3,5536;3,72;3,547
27/03/16;3,5538;3,6869;3,6889;3,5326
20/03/16;3,6835;3,6245;3,7217;3,5743
13/03/16;3,624;3,5828;3,854;3,5732
06/03/16;3,582;3,7582;3,8031;3,5725
28/02/16;3,7593;3,994;4,0236;3,6537
21/02/16;3,9933;4,0206;4,0235;3,9205
14/02/16;4,0214;4,0027;4,0791;3,9672
07/02/16;4,0027;3,9037;4,0164;3,882
31/01/16;3,9035;3,9992;4,028;3,8453
24/01/16;3,9988;4,0946;4,1251;3,9928
17/01/16;4,0945;4,0484;4,1738;3,9985
10/01/16;4,0479;4,0245;4,0677;3,9707
03/01/16;4,0245;3,9608;4,0749;3,959
27/12/15;3,9608;3,9463;4,02;3,8402
20/12/15;3,9463;3,9823;4,0424;3,9336
13/12/15;3,9824;3,873;3,9858;3,8504
06/12/15;3,873;3,754;3,8908;3,7165
29/11/15;3,7521;3,8461;3,9243;3,7243
22/11/15;3,8464;3,7053;3,8491;3,6937
15/11/15;3,7052;3,8453;3,8621;3,7046
08/11/15;3,8456;3,7713;3,8515;3,7058
01/11/15;3,7713;3,8562;3,8743;3,7425
25/10/15;3,8564;3,8792;3,9567;3,8241
18/10/15;3,8807;3,9239;3,9675;3,8466
11/10/15;3,9245;3,763;3,9543;3,7553
04/10/15;3,766;3,9329;3,9516;3,7233
27/09/15;3,9331;3,9761;4,1548;3,9234
20/09/15;3,9777;3,9433;4,2491;3,8823
13/09/15;3,9459;3,8733;3,963;3,806
06/09/15;3,8705;3,8424;3,9166;3,7643
30/08/15;3,8443;3,5812;3,8617;3,5808
23/08/15;3,5823;3,4998;3,6571;3,4992
16/08/15;3,5007;3,4878;3,5235;3,4488
09/08/15;3,4845;3,5073;3,5294;3,4349
02/08/15;3,5071;3,4226;3,5711;3,4209
26/07/15;3,4213;3,3542;3,4354;3,3129
19/07/15;3,3556;3,1886;3,358;3,1639
12/07/15;3,1881;3,1593;3,2039;3,1132
05/07/15;3,1593;3,1341;3,2438;3,1303
28/06/15;3,1347;3,13;3,1591;3,0861
21/06/15;3,1295;3,0958;3,1433;3,0623
14/06/15;3,0976;3,1189;3,1418;3,0305
07/06/15;3,1185;3,1433;3,1727;3,0625
31/05/15;3,1439;3,1785;3,2144;3,1021
24/05/15;3,1798;3,0957;3,1973;3,0891
17/05/15;3,0949;2,9966;3,1007;2,9947
10/05/15;2,9972;2,976;3,0788;2,9714
03/05/15;2,9733;3,0162;3,0966;2,9733
26/04/15;3,0146;2,9516;3,0215;2,8827
19/04/15;2,9517;3,0529;3,0584;2,9501
12/04/15;3,0409;3,0745;3,1286;2,9988
05/04/15;3,0756;3,1211;3,1489;3,0232
29/03/15;3,121;3,2493;3,2885;3,1178
22/03/15;3,2496;3,2287;3,25;3,0924
15/03/15;3,2293;3,2493;3,3176;3,1898
08/03/15;3,2492;3,0615;3,2813;3,059
01/03/15;3,0617;2,8392;3,0732;2,8392
22/02/15;2,839;2,868;2,9214;2,8267
15/02/15;2,868;2,8343;2,8863;2,8284
08/02/15;2,8346;2,7828;2,8834;2,7652
01/02/15;2,7825;2,6824;2,7852;2,666
25/01/15;2,6824;2,5795;2,693;2,5655
18/01/15;2,5798;2,6216;2,665;2,5501
11/01/15;2,621;2,6305;2,6827;2,5945
04/01/15;2,6301;2,6933;2,7306;2,6263
28/12/14;2,6941;2,6685;2,7133;2,6411
21/12/14;2,6685;2,6603;2,7101;2,6445
14/12/14;2,6598;2,6546;2,7605;2,6398
07/12/14;2,6545;2,5896;2,678;2,5844
30/11/14;2,5895;2,5654;2,6098;2,5433
23/11/14;2,5659;2,516;2,5829;2,4954
16/11/14;2,5153;2,6006;2,619;2,5082
09/11/14;2,6018;2,5593;2,6301;2,532
02/11/14;2,5587;2,4787;2,5897;2,4539
26/10/14;2,4783;2,4737;2,5595;2,3931
19/10/14;2,4739;2,4359;2,5186;2,4359
12/10/14;2,4356;2,4293;2,5065;2,3798
05/10/14;2,4295;2,4581;2,4581;2,3563
28/09/14;2,4588;2,4207;2,5078;2,4207
21/09/14;2,42;2,3676;2,4436;2,3628
14/09/14;2,3682;2,3393;2,386;2,3159
07/09/14;2,3392;2,2437;2,3468;2,2395
31/08/14;2,2405;2,2361;2,2571;2,225
24/08/14;2,236;2,2775;2,291;2,2331
17/08/14;2,2778;2,2599;2,2847;2,2468
10/08/14;2,2598;2,2824;2,2885;2,2565
03/08/14;2,2812;2,2603;2,3081;2,2479
27/07/14;2,2574;2,2298;2,2849;2,2216
20/07/14;2,229;2,225;2,2333;2,2065
13/07/14;2,2255;2,2215;2,2612;2,2099
06/07/14;2,2208;2,2134;2,2287;2,2075
29/06/14;2,2132;2,1936;2,2452;2,1936
22/06/14;2,194;2,2298;2,2351;2,1869
15/06/14;2,2295;2,2238;2,2646;2,223
08/06/14;2,2241;2,2449;2,246;2,2212
01/06/14;2,2475;2,2415;2,2921;2,239
25/05/14;2,2407;2,222;2,2475;2,2157
18/05/14;2,2235;2,2159;2,2266;2,2003
11/05/14;2,2146;2,218;2,2285;2,201
04/05/14;2,2128;2,2299;2,2493;2,1995
27/04/14;2,22;2,2421;2,2583;2,2054
20/04/14;2,2445;2,237;2,2507;2,2118
13/04/14;2,2372;2,2172;2,2555;2,2056
06/04/14;2,2184;2,2372;2,2496;2,182
30/03/14;2,2361;2,2635;2,2889;2,2348
23/03/14;2,2618;2,3241;2,3348;2,2484
16/03/14;2,3246;2,3476;2,3604;2,3156
09/03/14;2,3465;2,3457;2,3766;2,3263
02/03/14;2,3405;2,3384;2,3497;2,2992
23/02/14;2,3384;2,3468;2,3571;2,3178
16/02/14;2,3455;2,3853;2,4125;2,3417
09/02/14;2,3891;2,3809;2,4339;2,3788
02/02/14;2,3802;2,4127;2,4405;2,3695
26/01/14;2,4127;2,4005;2,4506;2,39
19/01/14;2,3982;2,3425;2,4328;2,3275
12/01/14;2,3426;2,3607;2,3777;2,3382
05/01/14;2,3584;2,3811;2,4036;2,3548
29/12/13;2,3765;2,3386;2,4097;2,326
22/12/13;2,3384;2,3876;2,3876;2,3348
15/12/13;2,3876;2,3317;2,3893;2,3087
08/12/13;2,33;2,3312;2,3515;2,3045
01/12/13;2,3268;2,3373;2,3969;2,3218
24/11/13;2,3358;2,2813;2,3437;2,2768
17/11/13;2,2788;2,3194;2,3196;2,2502
10/11/13;2,319;2,3133;2,3487;2,3022
03/11/13;2,3142;2,2521;2,3447;2,2369
27/10/13;2,2567;2,1888;2,2631;2,1738
20/10/13;2,1877;2,1692;2,2096;2,1646
13/10/13;2,169;2,1789;2,1942;2,1465
06/10/13;2,174;2,2076;2,2214;2,1685
29/09/13;2,212;2,2567;2,2601;2,1906
22/09/13;2,2523;2,2105;2,2652;2,1878
15/09/13;2,2102;2,2495;2,2858;2,1795
08/09/13;2,2803;2,2988;2,308;2,26
01/09/13;2,3066;2,3822;2,4036;2,28
25/08/13;2,3862;2,3487;2,4183;2,3203
18/08/13;2,3486;2,3926;2,4553;2,346
11/08/13;2,3925;2,2685;2,3981;2,2628
04/08/13;2,2717;2,2885;2,3161;2,2633
28/07/13;2,2876;2,2525;2,3138;2,2525
21/07/13;2,2567;2,2462;2,2647;2,2104
14/07/13;2,2467;2,2693;2,2725;2,2063
07/07/13;2,2673;2,2523;2,2805;2,2443
30/06/13;2,2525;2,2295;2,2733;2,217
23/06/13;2,2321;2,2454;2,2648;2,1751
16/06/13;2,242;2,1488;2,2774;2,1431
09/06/13;2,1528;2,138;2,1669;2,1179
02/06/13;2,1321;2,1445;2,1542;2,0849
26/05/13;2,1423;2,0517;2,1507;2,0473
19/05/13;2,0518;2,0358;2,0564;2,0266
12/05/13;2,0353;2,0177;2,0417;2,0027
05/05/13;2,0201;2,0105;2,0294;1,9943
28/04/13;2,0091;1,9997;2,0157;1,9903
21/04/13;1,9988;2,0102;2,0298;1,9953
14/04/13;2,0108;1,9696;2,0226;1,9696
07/04/13;1,9695;1,9886;1,9939;1,9634
31/03/13;1,986;2,0186;2,0289;1,9856
24/03/13;2,0242;2,0101;2,0276;2,0032
17/03/13;2,0091;1,9858;2,0194;1,9754
10/03/13;1,9817;1,948;1,9848;1,9412
03/03/13;1,9447;1,983;1,9878;1,9427
24/02/13;1,9792;1,9743;1,9938;1,9632
17/02/13;1,9727;1,9683;1,9792;1,9528
10/02/13;1,9688;1,9689;1,9733;1,9498
03/02/13;1,9732;1,9878;1,9975;1,951
27/01/13;1,9878;2,0303;2,0366;1,9787
20/01/13;2,03;2,0405;2,0511;2,0275
13/01/13;2,0408;2,0292;2,046;2,0292
06/01/13;2,0332;2,0343;2,0461;2,0202
30/12/12;2,0347;2,0478;2,0505;2,032
23/12/12;2,0475;2,0772;2,0772;2,0385
16/12/12;2,0783;2,0858;2,1025;2,0554
09/12/12;2,0856;2,0748;2,0895;2,0699
02/12/12;2,0747;2,1357;2,1389;2,0713
25/11/12;2,1361;2,0823;2,1377;2,0716
18/11/12;2,0816;2,0838;2,1172;2,0688
11/11/12;2,0842;2,0461;2,0873;2,0427
04/11/12;2,0463;2,0311;2,0678;2,0303
28/10/12;2,0316;2,0278;2,0352;2,0272
21/10/12;2,027;2,0274;2,0313;2,023
14/10/12;2,0277;2,0439;2,0439;2,0252
07/10/12;2,0445;2,0323;2,0445;2,0278
30/09/12;2,031;2,0292;2,0345;2,0164
23/09/12;2,0257;2,0231;2,0372;2,0227
16/09/12;2,0225;2,0127;2,0368;2,0127
09/09/12;2,0119;2,0286;2,0312;2,0065
02/09/12;2,0281;2,0302;2,0455;2,0271
26/08/12;2,0293;2,0256;2,0575;2,0236
19/08/12;2,0271;2,016;2,036;2,0052
12/08/12;2,0155;2,0157;2,031;2,014
05/08/12;2,0149;2,0299;2,0362;2,0128
29/07/12;2,0282;2,021;2,057;2,021
22/07/12;2,0212;2,0229;2,0521;2,0079
15/07/12;2,0236;2,0357;2,0434;2,0092
08/07/12;2,037;2,026;2,0519;2,0227
01/07/12;2,0281;2,0054;2,0416;1,9778
24/06/12;2,0095;2,0667;2,0991;2,0042
17/06/12;2,0675;2,0445;2,069;2,0217
10/06/12;2,0484;2,0202;2,0751;2,0148
03/06/12;2,0213;2,0404;2,0627;2,0118
27/05/12;2,04;1,9827;2,0502;1,9699
20/05/12;1,9846;2,0208;2,1062;1,9827
13/05/12;2,0237;1,9668;2,0588;1,9668
06/05/12;1,966;1,9272;1,9726;1,9184
29/04/12;1,9275;1,8893;1,9367;1,8829
22/04/12;1,8861;1,8762;1,8914;1,8725
15/04/12;1,8724;1,8375;1,8942;1,8314
08/04/12;1,8372;1,826;1,8436;1,8153
01/04/12;1,8214;1,826;1,8358;1,8188
25/03/12;1,8264;1,8112;1,8375;1,8039
18/03/12;1,8106;1,8033;1,8354;1,8013
11/03/12;1,8003;1,7904;1,8327;1,7849
04/03/12;1,7914;1,7301;1,7958;1,7249
26/02/12;1,7311;1,7095;1,7364;1,687
19/02/12;1,7094;1,7176;1,7176;1,6959
12/02/12;1,715;1,7225;1,738;1,7095
05/02/12;1,7208;1,7184;1,735;1,712
29/01/12;1,7161;1,7461;1,7573;1,7131
22/01/12;1,7374;1,7557;1,7692;1,7315
15/01/12;1,7548;1,7862;1,7893;1,7547
08/01/12;1,7849;1,8563;1,8569;1,7684
01/01/12;1,8579;1,8661;1,875;1,8195
25/12/11;1,8632;1,8575;1,8884;1,8512
18/12/11;1,8567;1,8504;1,8714;1,8363
11/12/11;1,852;1,7979;1,8848;1,7972
04/12/11;1,7979;1,7909;1,8272;1,7755
27/11/11;1,7912;1,862;1,8715;1,777
20/11/11;1,892;1,8047;1,9145;1,7978
13/11/11;1,786;1,7458;1,7908;1,7445
06/11/11;1,7424;1,7528;1,7835;1,732
30/10/11;1,7525;1,6725;1,7625;1,6725
23/10/11;1,6725;1,7751;1,7851;1,6711
16/10/11;1,7748;1,7319;1,809;1,7319
09/10/11;1,7319;1,7755;1,7835;1,7255
02/10/11;1,7717;1,8777;1,9175;1,7518
25/09/11;1,879;1,8335;1,893;1,7915
18/09/11;1,8333;1,7334;1,9504;1,7323
11/09/11;1,7327;1,6747;1,7387;1,6747
04/09/11;1,6729;1,6575;1,6852;1,6419
28/08/11;1,6415;1,6042;1,6475;1,5807
21/08/11;1,6031;1,5975;1,618;1,5858
14/08/11;1,5998;1,613;1,6135;1,5773
07/08/11;1,611;1,588;1,6586;1,5856
31/07/11;1,5759;1,5501;1,6015;1,545
24/07/11;1,549;1,5537;1,5735;1,528
17/07/11;1,5522;1,5743;1,5846;1,5507
10/07/11;1,5746;1,5619;1,5854;1,5619
03/07/11;1,5654;1,5563;1,5735;1,5513
26/06/11;1,5573;1,6034;1,6045;1,5528
19/06/11;1,6044;1,5967;1,6082;1,584
12/06/11;1,598;1,5963;1,6163;1,579
05/06/11;1,5963;1,575;1,601;1,5736
29/05/11;1,576;1,5945;1,5974;1,5703
22/05/11;1,5945;1,6215;1,6403;1,5932
15/05/11;1,6225;1,6359;1,6392;1,605
08/05/11;1,6361;1,6155;1,6457;1,6015
01/05/11;1,6153;1,5768;1,6286;1,5684
24/04/11;1,5775;1,562;1,5956;1,5565
17/04/11;1,564;1,5766;1,6;1,5612
10/04/11;1,5758;1,5689;1,5966;1,5689
03/04/11;1,5689;1,6203;1,6208;1,5669
27/03/11;1,6275;1,658;1,665;1,6054
20/03/11;1,6615;1,6682;1,6689;1,655
13/03/11;1,6655;1,6658;1,6937;1,6597
06/03/11;1,665;1,6551;1,6696;1,6444
27/02/11;1,6555;1,6627;1,6676;1,6423
20/02/11;1,6632;1,6643;1,677;1,6575
13/02/11;1,6628;1,6648;1,6745;1,6568
06/02/11;1,6656;1,6736;1,6803;1,6551
30/01/11;1,6735;1,6847;1,686;1,6605
23/01/11;1,6823;1,6769;1,687;1,6621
16/01/11;1,6764;1,6866;1,687;1,6655
09/01/11;1,6856;1,6828;1,6967;1,6652
02/01/11;1,6832;1,6598;1,6945;1,6433
26/12/10;1,6595;1,6909;1,6938;1,6593
19/12/10;1,6909;1,7143;1,7149;1,6882
12/12/10;1,7138;1,7069;1,7184;1,6877
05/12/10;1,7066;1,6849;1,7222;1,6675
28/11/10;1,6875;1,7269;1,7345;1,6835
21/11/10;1,7269;1,7154;1,7415;1,7095
14/11/10;1,7154;1,7219;1,7428;1,7067
07/11/10;1,7219;1,6788;1,7279;1,6788
31/10/10;1,6785;1,7008;1,709;1,6681
24/10/10;1,7012;1,7059;1,7252;1,6932
17/10/10;1,7059;1,6655;1,713;1,6587
10/10/10;1,6656;1,6658;1,6716;1,6433
03/10/10;1,6656;1,6907;1,7033;1,6625
26/09/10;1,6897;1,7124;1,7145;1,6717
19/09/10;1,7088;1,7212;1,7355;1,702
12/09/10;1,7217;1,7218;1,7293;1,7023
05/09/10;1,7218;1,7327;1,7377;1,7153
29/08/10;1,7325;1,7497;1,7643;1,7142
22/08/10;1,7493;1,7581;1,7822;1,7484
15/08/10;1,7562;1,7724;1,7732;1,7453
08/08/10;1,7723;1,7578;1,78;1,7465
01/08/10;1,76;1,7558;1,765;1,7449
25/07/10;1,754;1,7742;1,775;1,7535
18/07/10;1,7732;1,7845;1,8002;1,7523
11/07/10;1,783;1,7589;1,7882;1,7486
04/07/10;1,7585;1,767;1,7864;1,749
27/06/10;1,771;1,7766;1,8185;1,7677
20/06/10;1,7785;1,7713;1,8084;1,749
13/06/10;1,7713;1,8092;1,8128;1,7668
06/06/10;1,8092;1,863;1,8826;1,796
30/05/10;1,8647;1,8167;1,8687;1,7837
23/05/10;1,8173;1,8534;1,9162;1,799
16/05/10;1,853;1,7985;1,9048;1,7804
09/05/10;1,7993;1,8388;1,8388;1,7657
02/05/10;1,837;1,7375;1,8964;1,7255
25/04/10;1,7375;1,7573;1,7762;1,7225
18/04/10;1,7567;1,7606;1,772;1,7445
11/04/10;1,7575;1,7637;1,7713;1,7316
04/04/10;1,7652;1,7645;1,7902;1,75
28/03/10;1,765;1,8186;1,8189;1,7635
21/03/10;1,8181;1,8009;1,8307;1,7748
14/03/10;1,8009;1,7636;1,803;1,7583
07/03/10;1,763;1,7781;1,802;1,7572
28/02/10;1,7784;1,8065;1,8144;1,7742
21/02/10;1,8072;1,7988;1,8411;1,7874
14/02/10;1,8045;1,862;1,862;1,7925
07/02/10;1,8509;1,8862;1,8942;1,8357
31/01/10;1,882;1,869;1,8985;1,81
24/01/10;1,885;1,8148;1,8971;1,809
17/01/10;1,8162;1,771;1,8331;1,7585
10/01/10;1,7717;1,726;1,7742;1,7145
03/01/10;1,7262;1,7293;1,7522;1,714
27/12/09;1,743;1,747;1,7501;1,7269
20/12/09;1,7625;1,779;1,7902;1,75
13/12/09;1,78;1,7576;1,8011;1,739
06/12/09;1,7594;1,7308;1,7755;1,7193
29/11/09;1,732;1,741;1,7595;1,7005
22/11/09;1,7405;1,7297;1,761;1,715
15/11/09;1,732;1,717;1,7404;1,7035
08/11/09;1,7213;1,7203;1,7441;1,6928
01/11/09;1,7182;1,7633;1,7803;1,7095
25/10/09;1,7635;1,714;1,7817;1,7015
18/10/09;1,7178;1,7088;1,7692;1,7048
11/10/09;1,7075;1,7325;1,7393;1,697
04/10/09;1,7432;1,7838;1,7838;1,7338
27/09/09;1,7818;1,7875;1,8074;1,7593
20/09/09;1,791;1,808;1,8277;1,781
13/09/09;1,8093;1,8302;1,8385;1,7922
06/09/09;1,8315;1,842;1,8436;1,8031
30/08/09;1,8435;1,8832;1,9237;1,837
23/08/09;1,8813;1,8313;1,8923;1,8213
16/08/09;1,8306;1,8701;1,8836;1,8224
09/08/09;1,8496;1,8202;1,862;1,8126
02/08/09;1,8205;1,8649;1,8659;1,8066
26/07/09;1,865;1,8958;1,9093;1,861
19/07/09;1,8958;1,926;1,926;1,8814
12/07/09;1,9256;1,9946;2,0113;1,9181
05/07/09;1,995;1,9501;2,028;1,9435
28/06/09;1,9494;1,9343;1,9683;1,9237
21/06/09;1,9335;1,9768;2,0381;1,9213
14/06/09;1,9745;1,9255;1,999;1,9233
07/06/09;1,9263;1,9585;1,9845;1,9159
31/05/09;1,96;1,9715;1,9795;1,9083
24/05/09;1,9715;2,026;2,0477;1,965
17/05/09;2,0264;2,1125;2,1125;2,011
10/05/09;2,1126;2,062;2,1249;2,0459
03/05/09;2,0621;2,1734;2,1734;2,0594
26/04/09;2,174;2,1833;2,238;2,159
19/04/09;2,1828;2,1935;2,2487;2,1773
12/04/09;2,1923;2,1705;2,2226;2,1605
05/04/09;2,171;2,2105;2,2454;2,1674
29/03/09;2,209;2,2905;2,3381;2,194
22/03/09;2,29;2,2645;2,2951;2,2155
15/03/09;2,271;2,2989;2,3082;2,2229
08/03/09;2,3043;2,38;2,3925;2,2722
01/03/09;2,3758;2,3918;2,4517;2,3548
22/02/09;2,3914;2,3796;2,4085;2,3417
15/02/09;2,3891;2,2546;2,3997;2,2546
08/02/09;2,2555;2,2576;2,3168;2,2282
01/02/09;2,257;2,3227;2,3715;2,2421
25/01/09;2,32;2,3302;2,3448;2,246
18/01/09;2,3302;2,3415;2,3788;2,3095
11/01/09;2,342;2,252;2,401;2,252
04/01/09;2,2519;2,3312;2,3325;2,158
28/12/08;2,322;2,376;2,4215;2,3015
21/12/08;2,376;2,3535;2,4165;2,3462
14/12/08;2,3528;2,3993;2,4695;2,3063
07/12/08;2,4;2,4372;2,5473;2,2829
30/11/08;2,431;2,304;2,6213;2,2965
23/11/08;2,3034;2,4768;2,4768;2,2059
16/11/08;2,4762;2,2245;2,4785;2,2245
09/11/08;2,2235;2,1567;2,3997;2,1075
02/11/08;2,1474;2,1645;2,2405;2,0875
26/10/08;2,1642;2,3105;2,3555;2,0856
19/10/08;2,311;2,121;2,531;2,0825
12/10/08;2,1215;2,213;2,2655;2,0385
05/10/08;2,313;2,048;2,451;2,0445
28/09/08;2,0472;1,8515;2,0673;1,8515
21/09/08;1,8445;1,832;1,875;1,786
14/09/08;1,8298;1,7831;1,9607;1,7808
07/09/08;1,7824;1,7315;1,8384;1,6844
31/08/08;1,715;1,6415;1,7503;1,639
24/08/08;1,63;1,6268;1,6455;1,617
17/08/08;1,6275;1,626;1,6493;1,6063
10/08/08;1,6397;1,6076;1,6435;1,6031
03/08/08;1,6076;1,5615;1,6238;1,5592
27/07/08;1,5598;1,5771;1,578;1,5542
20/07/08;1,5732;1,5888;1,5895;1,5692
13/07/08;1,5895;1,6005;1,603;1,5859
06/07/08;1,601;1,6095;1,6207;1,5938
29/06/08;1,607;1,5963;1,615;1,5885
22/06/08;1,595;1,606;1,6166;1,5885
15/06/08;1,606;1,6362;1,6362;1,6001
08/06/08;1,6353;1,6308;1,6522;1,6206
01/06/08;1,6335;1,626;1,6373;1,615
25/05/08;1,6265;1,66;1,6747;1,6241
18/05/08;1,66;1,6401;1,6658;1,6376
11/05/08;1,6406;1,6845;1,6845;1,64
04/05/08;1,685;1,649;1,706;1,6487
27/04/08;1,649;1,6685;1,7129;1,6433
20/04/08;1,667;1,668;1,6818;1,651
13/04/08;1,668;1,6895;1,6958;1,6471
06/04/08;1,6905;1,71;1,71;1,6765
30/03/08;1,7095;1,7435;1,7646;1,7035
23/03/08;1,7447;1,733;1,7515;1,7175
16/03/08;1,7318;1,7135;1,7531;1,682
09/03/08;1,7147;1,685;1,7255;1,6715
02/03/08;1,6873;1,6927;1,7027;1,6607
24/02/08;1,6914;1,708;1,7115;1,6612
17/02/08;1,7067;1,748;1,7535;1,6919
10/02/08;1,7535;1,7705;1,772;1,7325
03/02/08;1,771;1,746;1,782;1,7387
27/01/08;1,746;1,787;1,7994;1,7362
20/01/08;1,7845;1,778;1,8407;1,774
13/01/08;1,7888;1,7555;1,7993;1,7285
06/01/08;1,7476;1,7655;1,782;1,7435
30/12/07;1,7565;1,7817;1,7875;1,7409
23/12/07;1,7817;1,7916;1,7929;1,7491
16/12/07;1,7887;1,7956;1,823;1,7816
09/12/07;1,7967;1,758;1,802;1,751
02/12/07;1,7588;1,7901;1,832;1,756
25/11/07;1,7982;1,8032;1,8723;1,766
18/11/07;1,8028;1,7418;1,8078;1,7418
11/11/07;1,7465;1,744;1,8005;1,73
04/11/07;1,7464;1,752;1,765;1,7247
28/10/07;1,752;1,7775;1,7778;1,7292
21/10/07;1,7689;1,8391;1,8411;1,7651
14/10/07;1,8028;1,802;1,834;1,779
07/10/07;1,802;1,807;1,823;1,781
30/09/07;1,803;1,8325;1,848;1,801
23/09/07;1,833;1,868;1,88;1,83
16/09/07;1,868;1,901;1,926;1,8515
09/09/07;1,901;1,961;1,9715;1,8916
02/09/07;1,962;1,962;1,9775;1,9455
26/08/07;1,9681;1,9429;2,0175;1,9385
19/08/07;1,9422;2,024;2,062;1,941
12/08/07;2,0241;1,945;2,1401;1,9282
05/08/07;1,9487;1,9027;1,97;1,8805
29/07/07;1,9001;1,894;1,9075;1,861
22/07/07;1,8941;1,854;1,944;1,8365
15/07/07;1,8561;1,862;1,8755;1,8499
08/07/07;1,8622;1,903;1,911;1,8608
01/07/07;1,903;1,926;1,929;1,899
24/06/07;1,929;1,9425;1,968;1,918
17/06/07;1,9428;1,911;1,9471;1,8945
10/06/07;1,912;1,959;1,966;1,904
03/06/07;1,9602;1,901;1,991;1,9008
27/05/07;1,9027;1,9509;1,9635;1,899
20/05/07;1,9511;1,96;1,976;1,9325
13/05/07;1,9585;2,0192;2,0192;1,95
06/05/07;2,0178;2,0345;2,0345;2,0125
29/04/07;2,036;2,031;2,0385;2,008
22/04/07;2,0318;2,0276;2,0419;2,0152
15/04/07;2,0259;2,0213;2,0412;2,0122
08/04/07;2,0206;2,0329;2,0439;2,0176
01/04/07;2,0316;2,06;2,06;2,027
25/03/07;2,059;2,061;2,08;2,0247
18/03/07;2,063;2,092;2,092;2,0496
11/03/07;2,093;2,095;2,117;2,0844
04/03/07;2,0976;2,131;2,152;2,0925
25/02/07;2,131;2,089;2,15;2,0773
18/02/07;2,0895;2,0921;2,0936;2,0638
11/02/07;2,0921;2,1093;2,1203;2,0822
04/02/07;2,112;2,1056;2,1135;2,0741
28/01/07;2,1046;2,1376;2,1405;2,0777
21/01/07;2,1365;2,1308;2,1425;2,126
14/01/07;2,13;2,14;2,147;2,127
07/01/07;2,14;2,1518;2,162;2,1379
31/12/06;2,1515;2,136;2,157;2,13
24/12/06;2,1365;2,1475;2,151;2,1302
17/12/06;2,1475;2,146;2,164;2,1421
10/12/06;2,146;2,1397;2,154;2,136
03/12/06;2,1397;2,165;2,175;2,1367
26/11/06;2,167;2,17;2,205;2,16
19/11/06;2,169;2,161;2,175;2,156
12/11/06;2,1585;2,1515;2,172;2,1426
05/11/06;2,152;2,1383;2,154;2,1307
29/10/06;2,1405;2,1366;2,152;2,125
22/10/06;2,1352;2,139;2,1595;2,127
15/10/06;2,1387;2,1342;2,1527;2,1212
08/10/06;2,1375;2,162;2,1735;2,134
01/10/06;2,162;2,168;2,18;2,152
24/09/06;2,1743;2,208;2,237;2,156
17/09/06;2,2075;2,1535;2,228;2,1395
10/09/06;2,1517;2,159;2,1886;2,1475
03/09/06;2,1586;2,139;2,165;2,1212
27/08/06;2,139;2,1515;2,1618;2,1215
20/08/06;2,1561;2,142;2,1693;2,1254
13/08/06;2,1469;2,177;2,177;2,125
06/08/06;2,1653;2,1905;2,1922;2,153
30/07/06;2,1813;2,1735;2,1985;2,1655
23/07/06;2,1754;2,1985;2,2165;2,173
16/07/06;2,1985;2,2155;2,2215;2,1739
09/07/06;2,2155;2,1908;2,2256;2,1675
02/07/06;2,182;2,1605;2,2109;2,1545
25/06/06;2,1659;2,222;2,2447;2,1535
18/06/06;2,2315;2,2465;2,267;2,2246
11/06/06;2,249;2,2595;2,3355;2,2375
04/06/06;2,2592;2,276;2,2915;2,2326
28/05/06;2,2765;2,2343;2,3685;2,211
21/05/06;2,2415;2,2095;2,405;2,209
14/05/06;2,2085;2,145;2,2171;2,124
07/05/06;2,1445;2,0555;2,1516;2,05
30/04/06;2,0555;2,087;2,0905;2,0521
23/04/06;2,087;2,1214;2,1405;2,083
16/04/06;2,1214;2,1405;2,1439;2,1085
09/04/06;2,1405;2,1492;2,1605;2,1235
02/04/06;2,149;2,1658;2,1765;2,1171
26/03/06;2,164;2,1731;2,2458;2,161
19/03/06;2,159;2,1335;2,1814;2,1181
12/03/06;2,124;2,137;2,149;2,0965
05/03/06;2,1373;2,12;2,1973;2,1125
26/02/06;2,1118;2,132;2,1538;2,1025
19/02/06;2,1395;2,1245;2,187;2,1045
12/02/06;2,1245;2,164;2,1734;2,101
05/02/06;2,1615;2,2095;2,2095;2,1466
29/01/06;2,21;2,2215;2,2405;2,1965
22/01/06;2,21;2,283;2,283;2,2015
15/01/06;2,2787;2,283;2,3404;2,2615
08/01/06;2,2725;2,282;2,2878;2,2385
01/01/06;2,283;2,334;2,3545;2,2655
25/12/05;2,3383;2,3165;2,3655;2,315
18/12/05;2,315;2,3474;2,4005;2,2905
11/12/05;2,337;2,2535;2,351;2,2415
04/12/05;2,252;2,208;2,2595;2,159
27/11/05;2,2083;2,2343;2,2421;2,1845
20/11/05;2,234;2,2265;2,2685;2,209
13/11/05;2,226;2,1915;2,2309;2,18
06/11/05;2,1615;2,2065;2,2145;2,1525
30/10/05;2,212;2,2625;2,2725;2,209
23/10/05;2,265;2,2615;2,296;2,2545
16/10/05;2,263;2,2435;2,2815;2,223
09/10/05;2,245;2,2475;2,2845;2,229
02/10/05;2,2499;2,237;2,306;2,2235
25/09/05;2,2275;2,264;2,2716;2,206
18/09/05;2,2645;2,2988;2,3115;2,26
11/09/05;2,2988;2,31;2,3412;2,285
04/09/05;2,31;2,3305;2,3425;2,307
28/08/05;2,3305;2,4025;2,4185;2,3285
21/08/05;2,4025;2,4492;2,4585;2,3715
14/08/05;2,4497;2,378;2,4496;2,3155
07/08/05;2,374;2,3085;2,4039;2,2629
31/07/05;2,3134;2,385;2,3975;2,283
24/07/05;2,38;2,3985;2,5127;2,3735
17/07/05;2,3985;2,3385;2,3995;2,3215
10/07/05;2,338;2,3735;2,3765;2,3226
03/07/05;2,3749;2,356;2,408;2,338
26/06/05;2,3565;2,3855;2,3921;2,327
19/06/05;2,374;2,3855;2,4085;2,36
12/06/05;2,3715;2,4725;2,4795;2,367
05/06/05;2,4731;2,4255;2,506;2,4245
29/05/05;2,425;2,3852;2,4705;2,3635
22/05/05;2,383;2,44;2,445;2,383
15/05/05;2,4417;2,4735;2,4895;2,4383
08/05/05;2,4735;2,46;2,492;2,442
01/05/05;2,457;2,5282;2,53;2,446
24/04/05;2,5282;2,536;2,556;2,506
17/04/05;2,5375;2,618;2,627;2,5289
10/04/05;2,6148;2,585;2,62;2,549
03/04/05;2,585;2,658;2,6735;2,5785
27/03/05;2,6588;2,7392;2,7515;2,642
20/03/05;2,7385;2,721;2,763;2,695
13/03/05;2,716;2,718;2,7858;2,706
06/03/05;2,7168;2,654;2,741;2,648
27/02/05;2,656;2,6175;2,6975;2,5815
20/02/05;2,6172;2,566;2,6515;2,565
13/02/05;2,5765;2,603;2,605;2,549
06/02/05;2,6025;2,612;2,6455;2,594
30/01/05;2,6035;2,651;2,652;2,5855
23/01/05;2,645;2,692;2,692;2,644
16/01/05;2,6867;2,6992;2,729;2,681
09/01/05;2,7015;2,71;2,732;2,686
02/01/05;2,712;2,661;2,734;2,652
26/12/04;2,656;2,701;2,7085;2,646
19/12/04;2,691;2,709;2,715;2,665
12/12/04;2,712;2,774;2,7765;2,706
05/12/04;2,775;2,7085;2,8065;2,6965
28/11/04;2,7085;2,734;2,755;2,688
21/11/04;2,737;2,784;2,784;2,7195
14/11/04;2,7845;2,787;2,795;2,75
07/11/04;2,7905;2,821;2,842;2,788
31/10/04;2,8195;2,8575;2,8725;2,8085
24/10/04;2,8592;2,868;2,891;2,85
17/10/04;2,871;2,855;2,895;2,837
10/10/04;2,8565;2,8275;2,8965;2,8155
03/10/04;2,8325;2,8395;2,8585;2,8075
26/09/04;2,836;2,868;2,879;2,834
19/09/04;2,8705;2,8665;2,8895;2,8545
12/09/04;2,868;2,9;2,916;2,865
05/09/04;2,9035;2,9295;2,9295;2,8925
29/08/04;2,9265;2,9515;2,9625;2,9215
22/08/04;2,9525;2,9665;2,9795;2,9455
15/08/04;2,9665;3,021;3,0305;2,9615
08/08/04;3,021;3,031;3,044;3,014
01/08/04;3,033;3,036;3,078;3,03
25/07/04;3,0375;3,0555;3,0795;3,0205
18/07/04;3,056;2,999;3,061;2,986
11/07/04;3;3,039;3,054;2,992
04/07/04;3,0425;3,037;3,063;3,02
27/06/04;3,0385;3,1095;3,1365;3,0365
20/06/04;3,11;3,14;3,137;3,091
13/06/04;3,141;3,143;3,169;3,118
06/06/04;3,14;3,129;3,148;3,095
30/05/04;3,13;3,087;3,199;3,079
23/05/04;3,091;3,189;3,199;3,089
16/05/04;3,193;3,087;3,234;3,089
09/05/04;3,091;3,058;3,149;3,071
02/05/04;3,062;2,933;3,087;2,942
25/04/04;2,931;2,905;2,969;2,905
18/04/04;2,909;2,904;2,94;2,901
11/04/04;2,908;2,891;2,929;2,881
04/04/04;2,8855;2,8925;2,9025;2,8695
28/03/04;2,894;2,938;2,939;2,886
21/03/04;2,937;2,897;2,947;2,905
14/03/04;2,901;2,902;2,919;2,894
07/03/04;2,9;2,872;2,921;2,858
29/02/04;2,868;2,902;2,919;2,863
22/02/04;2,906;2,956;2,9608;2,906
15/02/04;2,96;2,901;3,011;2,902
08/02/04;2,905;2,927;2,941;2,895
01/02/04;2,931;2,927;2,964;2,901
25/01/04;2,9345;2,8365;2,973;2,8365
18/01/04;2,842;2,829;2,854;2,823
11/01/04;2,829;2,833;2,837;2,767
04/01/04;2,833;2,874;2,8835;2,826
28/12/03;2,878;2,9015;2,916;2,852
21/12/03;2,901;2,923;2,932;2,893
14/12/03;2,9225;2,9325;2,9465;2,9145
07/12/03;2,9335;2,9335;2,9535;2,9265
30/11/03;2,935;2,943;2,952;2,919
23/11/03;2,9465;2,9235;2,9585;2,9095
16/11/03;2,916;2,9455;2,9715;2,9135
09/11/03;2,9495;2,868;2,9565;2,8615
02/11/03;2,857;2,8665;2,8815;2,8435
26/10/03;2,8665;2,8655;2,8845;2,8305
19/10/03;2,87;2,8655;2,8955;2,8435
12/10/03;2,869;2,8265;2,873;2,8165
05/10/03;2,83;2,883;2,892;2,823
28/09/03;2,886;2,934;2,947;2,877
21/09/03;2,9335;2,9025;2,9605;2,8915
14/09/03;2,9025;2,9015;2,9255;2,8725
07/09/03;2,902;2,906;2,961;2,862
31/08/03;2,906;2,982;3,001;2,902
24/08/03;2,9785;2,9905;3,0055;2,9355
17/08/03;2,986;2,988;3,015;2,965
10/08/03;2,991;2,983;3,049;2,968
03/08/03;2,987;3,07;3,07;2,967
27/07/03;3,0285;2,8885;3,0365;2,8825
20/07/03;2,8905;2,8895;2,9155;2,8625
13/07/03;2,888;2,891;2,895;2,831
06/07/03;2,892;2,835;2,915;2,835
29/06/03;2,8375;2,8795;2,8925;2,8025
22/06/03;2,879;2,892;2,932;2,832
15/06/03;2,8925;2,8405;2,9235;2,8275
08/06/03;2,839;2,876;2,889;2,835
01/06/03;2,8765;2,9645;2,9935;2,7995
25/05/03;2,9735;2,9145;3,0685;2,8925
18/05/03;2,915;2,94;3,048;2,902
11/05/03;2,9425;2,8705;3,0035;2,8435
04/05/03;2,8725;2,9405;3,0875;2,8505
27/04/03;2,9675;3,0135;3,0175;2,8715
20/04/03;3,009;3,033;3,083;2,911
13/04/03;3,036;3,202;3,202;3,003
06/04/03;3,202;3,216;3,253;3,123
30/03/03;3,223;3,358;3,388;3,211
23/03/03;3,3595;3,4015;3,4725;3,3515
16/03/03;3,403;3,431;3,495;3,345
09/03/03;3,4325;3,4955;3,5845;3,3775
02/03/03;3,4975;3,5655;3,5785;3,4675
23/02/03;3,57;3,622;3,623;3,551
16/02/03;3,6225;3,6225;3,6365;3,5305
09/02/03;3,66;3,583;3,684;3,543
02/02/03;3,587;3,503;3,625;3,451
26/01/03;3,504;3,621;3,691;3,477
19/01/03;3,6225;3,3735;3,6445;3,3555
12/01/03;3,372;3,269;3,4;3,238
05/01/03;3,299;3,433;3,438;3,242
29/12/02;3,439;3,536;3,576;3,405
22/12/02;3,5375;3,4855;3,5825;3,4325
15/12/02;3,488;3,728;3,743;3,403
08/12/02;3,73;3,748;3,824;3,688
01/12/02;3,748;3,553;3,808;3,553
24/11/02;3,653;3,555;3,686;3,52
17/11/02;3,555;3,653;3,669;3,478
10/11/02;3,69;3,54;3,733;3,465
03/11/02;3,541;3,593;3,667;3,494
27/10/02;3,596;3,724;3,854;3,575
20/10/02;3,73;3,865;3,985;3,715
13/10/02;3,875;3,81;3,984;3,775
06/10/02;3,81;3,615;4,019;3,535
29/09/02;3,615;3,875;3,954;3,519
22/09/02;3,871;3,4;3,903;3,4
15/09/02;3,399;3,158;3,514;3,158
08/09/02;3,1575;3,1555;3,1735;3,0555
01/09/02;3,1575;3,0075;3,1905;3,0025
25/08/02;3,0075;3,0875;3,1605;2,9875
18/08/02;3,111;3,122;3,186;3,009
11/08/02;3,1225;3,0205;3,2675;3,0205
04/08/02;3,0225;3,0105;3,2575;2,8575
28/07/02;3,005;3,005;3,611;2,985
21/07/02;3,005;2,865;3,031;2,864
14/07/02;2,869;2,891;2,914;2,828
07/07/02;2,81;2,882;2,9;2,794
30/06/02;2,881;2,819;2,941;2,791
23/06/02;2,8175;2,8315;2,8915;2,7555
16/06/02;2,83;2,716;2,843;2,64
09/06/02;2,716;2,636;2,795;2,626
02/06/02;2,636;2,518;2,696;2,511
26/05/02;2,518;2,519;2,534;2,508
19/05/02;2,519;2,469;2,549;2,462
12/05/02;2,475;2,461;2,552;2,455
05/05/02;2,461;2,413;2,5;2,407
28/04/02;2,406;2,371;2,425;2,356
21/04/02;2,371;2,331;2,376;2,321
14/04/02;2,3325;2,2915;2,3435;2,2915
07/04/02;2,294;2,276;2,307;2,252
31/03/02;2,277;2,326;2,333;2,276
24/03/02;2,325;2,361;2,375;2,315
17/03/02;2,3615;2,3855;2,3855;2,3305
10/03/02;2,346;2,35;2,366;2,321
03/03/02;2,351;2,342;2,382;2,314
24/02/02;2,344;2,414;2,423;2,336
17/02/02;2,422;2,424;2,437;2,395
10/02/02;2,4265;2,4085;2,4925;2,4015
03/02/02;2,459;2,417;2,482;2,41
27/01/02;2,41;2,41;2,47;2,404
20/01/02;2,41;2,362;2,413;2,358
13/01/02;2,3645;2,4055;2,4185;2,3495
06/01/02;2,4;2,33;2,454;2,322
30/12/01;2,331;2,311;2,342;2,277
23/12/01;2,3115;2,3375;2,3575;2,2975
16/12/01;2,342;2,376;2,385;2,274
09/12/01;2,3765;2,3655;2,3945;2,3155
02/12/01;2,389;2,494;2,496;2,385
25/11/01;2,495;2,485;2,563;2,448
18/11/01;2,503;2,513;2,558;2,498
11/11/01;2,526;2,537;2,575;2,508
04/11/01;2,5375;2,6455;2,6505;2,5165
28/10/01;2,672;2,726;2,756;2,659
21/10/01;2,724;2,777;2,78;2,68
14/10/01;2,7335;2,7835;2,7875;2,7015
07/10/01;2,781;2,795;2,807;2,747
30/09/01;2,7735;2,6945;2,7785;2,6795
23/09/01;2,67;2,8305;2,831;2,664
16/09/01;2,83;2,665;2,84;2,661
09/09/01;2,687;2,581;2,733;2,5653
02/09/01;2,582;2,5653;2,6;2,548
26/08/01;2,564;2,551;2,583;2,5183
19/08/01;2,546;2,543;2,564;2,5
12/08/01;2,5185;2,4755;2,5365;2,4685
05/08/01;2,462;2,471;2,493;2,438
29/07/01;2,502;2,408;2,514;2,401
22/07/01;2,4545;2,4265;2,5195;2,3995
15/07/01;2,448;2,595;2,608;2,441
08/07/01;2,5565;2,4315;2,6025;2,4315
01/07/01;2,43;2,318;2,556;2,309
24/06/01;2,3105;2,2805;2,3365;2,2665
17/06/01;2,296;2,414;2,485;2,296
10/06/01;2,418;2,359;2,427;2,359
03/06/01;2,359;2,376;2,397;2,353
27/05/01;2,3805;2,3165;2,3935;2,3095
20/05/01;2,319;2,307;2,376;2,295
13/05/01;2,304;2,282;2,344;2,28
06/05/01;2,283;2,2105;2,297;2,192
29/04/01;2,2125;2,2005;2,2505;2,1745
22/04/01;2,202;2,2345;2,311;2,198
15/04/01;2,235;2,158;2,272;2,158
08/04/01;2,1545;2,1645;2,1725;2,1325
01/04/01;2,1655;2,1515;2,1805;2,1445
25/03/01;2,153;2,149;2,173;2,108
18/03/01;2,172;2,124;2,178;2,078
11/03/01;2,127;2,046;2,142;2,046
04/03/01;2,045;2,0315;2,067;2,015
25/02/01;2,0265;2,036;2,049;2,023
18/02/01;2,0375;1,9935;2,0505;1,9935
11/02/01;2,003;1,982;2,007;1,975
04/02/01;1,9835;1,9915;2,0095;1,9775
28/01/01;1,99;1,974;1,997;1,964
21/01/01;1,9735;1,9565;1,9795;1,9535
14/01/01;1,9575;1,9495;1,9643;1,9445
07/01/01;1,95;1,9555;1,9625;1,939
31/12/00;1,9549;1,9503;1,9575;1,9295
24/12/00;1,95;1,959;1,968;1,949
17/12/00;1,959;1,954;1,964;1,949
10/12/00;1,9655;1,9595;1,9725;1,9505
03/12/00;1,968;1,975;1,988;1,955
26/11/00;1,9715;1,9565;1,9895;1,9515
19/11/00;1,9585;1,9685;1,9705;1,8925
12/11/00;1,9665;1,9505;1,9715;1,9385
05/11/00;1,952;1,939;1,981;1,935
29/10/00;1,942;1,915;1,949;1,898
22/10/00;1,916;1,887;1,946;1,885
15/10/00;1,885;1,869;1,888;1,862
08/10/00;1,869;1,855;1,883;1,848
01/10/00;1,855;1,843;1,858;1,841
24/09/00;1,8435;1,8435;1,8545;1,8375
17/09/00;1,8435;1,8435;1,8645;1,8435
10/09/00;1,844;1,816;1,849;1,815
03/09/00;1,8155;1,8235;1,8295;1,8155
27/08/00;1,824;1,822;1,838;1,818
20/08/00;1,8225;1,8165;1,8235;1,8135
13/08/00;1,8165;1,8005;1,8185;1,7945
06/08/00;1,8015;1,7915;1,8015;1,7915
30/07/00;1,7915;1,7805;1,8105;1,7685
23/07/00;1,7845;1,7945;1,7965;1,7705
16/07/00;1,7965;1,8015;1,8075;1,7865
09/07/00;1,7925;1,8055;1,8275;1,7925
02/07/00;1,8;1,803;1,819;1,794
25/06/00;1,807;1,825;1,83;1,796
18/06/00;1,8255;1,8025;1,8265;1,7965
11/06/00;1,803;1,796;1,814;1,796
04/06/00;1,802;1,797;1,807;1,784
28/05/00;1,801;1,837;1,841;1,801
21/05/00;1,8365;1,8405;1,8605;1,8355
14/05/00;1,8395;1,8355;1,8465;1,8155
07/05/00;1,8365;1,8035;1,8375;1,8025
30/04/00;1,7995;1,7985;1,8205;1,7955
23/04/00;1,805;1,783;1,817;1,782
16/04/00;1,7775;1,7865;1,8005;1,7575
09/04/00;1,786;1,736;1,795;1,736
02/04/00;1,7405;1,7355;1,7585;1,7355
26/03/00;1,7395;1,7305;1,7565;1,7305
19/03/00;1,733;1,741;1,741;1,709
12/03/00;1,7385;1,7485;1,7565;1,7315
05/03/00;1,744;1,745;1,756;1,733
27/02/00;1,745;1,776;1,78;1,743
20/02/00;1,7735;1,7755;1,7915;1,7685
13/02/00;1,778;1,776;1,782;1,768
06/02/00;1,7725;1,7575;1,7755;1,7555
30/01/00;1,768;1,81;1,814;1,767
23/01/00;1,7935;1,7685;1,7995;1,7605
16/01/00;1,7725;1,8035;1,8035;1,7695
09/01/00;1,804;1,827;1,841;1,795
02/01/00;1,8275;1,8015;1,8705;1,7945
26/12/99;1,8055;1,8255;1,8335;1,7795
19/12/99;1,831;1,801;1,833;1,795
12/12/99;1,807;1,863;1,863;1,798
05/12/99;1,863;1,878;1,878;1,858
28/11/99;1,878;1,924;1,925;1,871
21/11/99;1,9235;1,9315;1,9335;1,9215
14/11/99;1,932;1,934;1,938;1,926
07/11/99;1,934;1,922;1,944;1,919
31/10/99;1,922;1,948;1,951;1,91
24/10/99;1,948;1,973;2,003;1,946
17/10/99;1,9725;1,9765;2,0085;1,9705
10/10/99;1,977;1,956;1,986;1,947
03/10/99;1,954;1,937;1,962;1,924
26/09/99;1,937;1,909;1,966;1,905
19/09/99;1,909;1,877;1,917;1,869
12/09/99;1,877;1,875;1,902;1,868
05/09/99;1,875;1,913;1,913;1,856
29/08/99;1,9135;1,9315;1,9655;1,8985
22/08/99;1,939;1,887;1,949;1,861
15/08/99;1,89;1,87;1,995;1,868
08/08/99;1,875;1,839;1,886;1,839
01/08/99;1,8445;1,7965;1,8545;1,7965
25/07/99;1,803;1,819;1,826;1,781
18/07/99;1,819;1,797;1,825;1,786
11/07/99;1,797;1,798;1,862;1,791
04/07/99;1,798;1,761;1,807;1,761
27/06/99;1,761;1,796;1,799;1,746
20/06/99;1,793;1,759;1,815;1,756
13/06/99;1,759;1,781;1,797;1,741
06/06/99;1,781;1,736;1,783;1,734
30/05/99;1,736;1,726;1,761;1,713
23/05/99;1,72;1,7;1,757;1,686
16/05/99;1,7;1,655;1,705;1,655
09/05/99;1,655;1,659;1,668;1,643
02/05/99;1,6595;1,6665;1,6895;1,6595
25/04/99;1,6655;1,6885;1,7115;1,6565
18/04/99;1,69;1,668;1,723;1,668
11/04/99;1,6725;1,7025;1,7075;1,6325
04/04/99;1,7025;1,7125;1,7425;1,7025
28/03/99;1,725;1,78;1,785;1,72
21/03/99;1,7725;1,8475;1,8675;1,7725
14/03/99;1,85;1,915;1,915;1,835
07/03/99;1,9125;1,9725;1,9925;1,8425
28/02/99;1,98;1,98;2,21;1,97
21/02/99;2,035;1,925;2,085;1,905
14/02/99;1,93;1,9;1,95;1,86
07/02/99;1,9;1,83;1,96;1,81
31/01/99;1,83;2,08;2,08;1,73
24/01/99;2,085;1,775;2,145;1,675
17/01/99;1,71;1,43;1,76;1,41
10/01/99;1,42;1,22;1,54;1,2197
03/01/99;1,2102;1,2083;1,2102;1,2069
27/12/98;1,2083;1,2079;1,209;1,2062
20/12/98;1,2075;1,2066;1,2075;1,2064
13/12/98;1,2064;1,2045;1,2066;1,2035
06/12/98;1,2045;1,2024;1,2046;1,2016
29/11/98;1,2024;1,2;1,2025;1,2
22/11/98;1,2004;1,1956;1,2005;1,1951
15/11/98;1,1956;1,1906;1,1961;1,1901
08/11/98;1,1904;1,1891;1,1919;1,1891
01/11/98;1,1881;1,193;1,193;1,1875
25/10/98;1,193;1,1907;1,193;1,1907
18/10/98;1,1905;1,1895;1,1914;1,1875
11/10/98;1,1883;1,1864;1,1885;1,1864
04/10/98;1,1864;1,1852;1,187;1,1817
27/09/98;1,1846;1,1846;1,1856;1,1761
20/09/98;1,1845;1,1806;1,2001;1,1806
13/09/98;1,181;1,1789;1,181;1,1784
06/09/98;1,1789;1,1766;1,1791;1,1755
30/08/98;1,178;1,174;1,178;1,174
23/08/98;1,1761;1,1747;1,1763;1,1715
16/08/98;1,1749;1,1721;1,1749;1,1721
09/08/98;1,1717;1,1683;1,1721;1,1683
02/08/98;1,1678;1,1635;1,1693;1,1635
26/07/98;1,1629;1,165;1,1663;1,1618
19/07/98;1,1663;1,1608;1,1668;1,1603
12/07/98;1,1615;1,1601;1,1641;1,1601
05/07/98;1,1595;1,1578;1,1631;1,1576
28/06/98;1,1568;1,1564;1,1572;1,1559
21/06/98;1,1564;1,1551;1,1566;1,1546
14/06/98;1,1547;1,1548;1,1564;1,1539
07/06/98;1,1545;1,1521;1,1555;1,1519
31/05/98;1,1521;1,1515;1,162;1,1505
24/05/98;1,1505;1,1507;1,1551;1,1454
17/05/98;1,1515;1,1472;1,1518;1,1468
10/05/98;1,1465;1,1456;1,1477;1,1454
03/05/98;1,1449;1,1439;1,1455;1,1436
26/04/98;1,1435;1,1429;1,1465;1,1429
19/04/98;1,143;1,1413;1,1437;1,1413
12/04/98;1,141;1,1393;1,1412;1,1391
05/04/98;1,1391;1,1383;1,1391;1,138
29/03/98;1,138;1,1364;1,138;1,1359
22/03/98;1,1361;1,1349;1,1361;1,1342
15/03/98;1,1341;1,1332;1,1345;1,133
08/03/98;1,133;1,1315;1,133;1,1315
01/03/98;1,1311;1,1301;1,1311;1,13
22/02/98;1,13;1,1295;1,1302;1,129
15/02/98;1,129;1,1271;1,1292;1,1269
08/02/98;1,1271;1,1252;1,1273;1,125
01/02/98;1,125;1,1233;1,125;1,1229
25/01/98;1,1231;1,1214;1,1237;1,117
18/01/98;1,121;1,1206;1,1212;1,1191
11/01/98;1,1208;1,1172;1,1214;1,1162
04/01/98;1,1171;1,1161;1,1191;1,1158
28/12/97;1,116;1,1157;1,117;1,1145
21/12/97;1,1147;1,1147;1,1149;1,1145
14/12/97;1,1137;1,1139;1,1151;1,1125
07/12/97;1,116;1,111;1,1166;1,1108
30/11/97;1,1101;1,1096;1,1105;1,1088
23/11/97;1,109;1,1096;1,1109;1,1075
16/11/97;1,1092;1,1069;1,1101;1,1056
09/11/97;1,1069;1,1056;1,1084;1,1042
02/11/97;1,106;1,1029;1,1089;1,1028
26/10/97;1,1026;1,1007;1,1074;1,1007
19/10/97;1,1008;1,0993;1,101;1,0993
12/10/97;1,0993;1,0981;1,1;1,0979
05/10/97;1,0983;1,0964;1,0983;1,0964
28/09/97;1,0966;1,0955;1,0968;1,0955
21/09/97;1,0956;1,0943;1,0958;1,0942
14/09/97;1,0943;1,0922;1,0947;1,092
07/09/97;1,092;1,0911;1,0924;1,0907
31/08/97;1,0911;1,0917;1,0932;1,0901
24/08/97;1,0917;1,0902;1,0934;1,0902
17/08/97;1,0922;1,0875;1,0926;1,0867
10/08/97;1,0874;1,0851;1,0889;1,0851
03/08/97;1,0855;1,0831;1,0862;1,083
27/07/97;1,0831;1,0819;1,0833;1,0819
20/07/97;1,0819;1,081;1,0823;1,081
13/07/97;1,081;1,08;1,0814;1,08
06/07/97;1,08;1,0776;1,08;1,0774
29/06/97;1,0775;1,0764;1,0777;1,0764
22/06/97;1,0764;1,0755;1,0776;1,0739
15/06/97;1,0757;1,0749;1,0785;1,0734
08/06/97;1,0747;1,0723;1,0747;1,0723
01/06/97;1,0722;1,0703;1,0732;1,0703
25/05/97;1,0703;1,0711;1,0741;1,0701
18/05/97;1,0726;1,0673;1,0728;1,0673
11/05/97;1,0671;1,0659;1,0692;1,0659
04/05/97;1,0659;1,0644;1,0659;1,0642
27/04/97;1,0641;1,0626;1,0643;1,0626
20/04/97;1,0625;1,0621;1,0633;1,0619
13/04/97;1,0623;1,0591;1,0623;1,0591
06/04/97;1,0591;1,0581;1,0595;1,0581
30/03/97;1,0581;1,0601;1,0608;1,0576
23/03/97;1,0588;1,0617;1,0618;1,0588
16/03/97;1,0615;1,0581;1,0616;1,0559
09/03/97;1,0583;1,0528;1,0585;1,0524
02/03/97;1,0526;1,0509;1,053;1,0509
23/02/97;1,051;1,0501;1,0519;1,05
16/02/97;1,0501;1,0492;1,0511;1,0406
09/02/97;1,0492;1,0471;1,0494;1,047
02/02/97;1,0471;1,0457;1,0479;1,0446
26/01/97;1,0457;1,0436;1,0463;1,0325
19/01/97;1,0434;1,0431;1,0438;1,0425
12/01/97;1,0432;1,0413;1,0437;1,0413
05/01/97;1,0412;1,0391;1,0417;1,0391
29/12/96;1,0392;1,0391;1,0397;1,0386
22/12/96;1,0391;1,038;1,0403;1,038
15/12/96;1,038;1,0389;1,0417;1,0375
08/12/96;1,039;1,0347;1,0392;1,0346
01/12/96;1,0345;1,0326;1,0349;1,0324
24/11/96;1,0327;1,0305;1,0333;1,0305
17/11/96;1,0305;1,0296;1,0311;1,0295
10/11/96;1,0297;1,0296;1,032;1,0289
03/11/96;1,0296;1,0277;1,03;1,0276
27/10/96;1,0277;1,0267;1,0293;1,0267
20/10/96;1,0267;1,0248;1,0282;1,0247
13/10/96;1,0247;1,0251;1,0253;1,0238
06/10/96;1,0252;1,0218;1,0285;1,0217
29/09/96;1,0219;1,0206;1,0224;1,0206
22/09/96;1,0205;1,0195;1,0206;1,0194
15/09/96;1,0195;1,0184;1,0199;1,0184
08/09/96;1,0184;1,018;1,0207;1,0179
01/09/96;1,0181;1,0165;1,0187;1,0161
25/08/96;1,0165;1,0152;1,017;1,0149
18/08/96;1,0152;1,0131;1,0155;1,0131
11/08/96;1,013;1,0115;1,0132;1,0115
04/08/96;1,0116;1,0096;1,0122;1,0087
28/07/96;1,0095;1,0093;1,0164;1,0091
21/07/96;1,0095;1,007;1,0096;1,007
14/07/96;1,007;1,0052;1,0075;1,0052
07/07/96;1,005;1,0041;1,0057;1,004
30/06/96;1,004;1,004;1,0053;1,004
23/06/96;1,0042;1,0025;1,0044;1,0023
16/06/96;1,0023;1,0011;1,0042;1,001
09/06/96;1,001;0,9991;1,002;0,999
02/06/96;0,999;0,9982;0,9991;0,9972
26/05/96;0,9983;0,9965;0,9988;0,9961
19/05/96;0,9962;0,995;1;0,9946
12/05/96;0,995;0,9941;0,998;0,994
05/05/96;0,994;0,9919;0,9942;0,9919
28/04/96;0,992;0,9918;0,9925;0,9916
21/04/96;0,9919;0,991;0,9924;0,9909
14/04/96;0,991;0,9891;0,9913;0,989
07/04/96;0,989;0,9868;0,9934;0,9868
31/03/96;0,9869;0,9878;0,9883;0,9866
24/03/96;0,9877;0,9873;0,9898;0,987
17/03/96;0,9868;0,9861;0,9896;0,9859
10/03/96;0,986;0,9831;0,988;0,9823
03/03/96;0,9832;0,9831;0,9847;0,983
25/02/96;0,9833;0,9809;0,9871;0,9809
18/02/96;0,9809;0,9841;0,9841;0,9806
11/02/96;0,9843;0,9783;0,9852;0,9782
04/02/96;0,978;0,9779;0,9787;0,9779
28/01/96;0,978;0,9781;0,9785;0,9779
21/01/96;0,978;0,9739;0,979;0,9739
14/01/96;0,974;0,974;0,974;0,972
07/01/96;0,9728;0,9728;0,9731;0,972
31/12/95;0,972;0,972;0,973;0,9719
24/12/95;0,9719;0,9714;0,9726;0,969
17/12/95;0,9685;0,9676;0,9705;0,9665
10/12/95;0,9677;0,9661;0,9678;0,966
03/12/95;0,966;0,966;0,9666;0,9659
26/11/95;0,966;0,965;0,9662;0,9639
19/11/95;0,965;0,9614;0,9659;0,9612
12/11/95;0,9614;0,9611;0,9631;0,9611
05/11/95;0,961;0,961;0,9624;0,9607
29/10/95;0,9612;0,9618;0,9629;0,9608
22/10/95;0,9609;0,9606;0,9628;0,9606
15/10/95;0,9609;0,9578;0,9613;0,9578
08/10/95;0,9579;0,9595;0,9595;0,9575
01/10/95;0,9586;0,9531;0,959;0,953
24/09/95;0,9529;0,9533;0,9555;0,9528
17/09/95;0,9531;0,951;0,954;0,951
10/09/95;0,9513;0,9506;0,9534;0,9501
03/09/95;0,9509;0,9496;0,951;0,9477
27/08/95;0,9497;0,9492;0,9512;0,9467
20/08/95;0,9465;0,9411;0,9486;0,941
13/08/95;0,9413;0,9405;0,9427;0,9354
06/08/95;0,9351;0,9349;0,9363;0,9347
30/07/95;0,9349;0,9352;0,9421;0,9301
23/07/95;0,9355;0,9331;0,9371;0,9329
16/07/95;0,9333;0,9243;0,9333;0,9243
09/07/95;0,9247;0,9213;0,9267;0,9213
02/07/95;0,9238;0,9193;0,9263;0,9173
25/06/95;0,9193;0,9183;0,9223;0,9153
18/06/95;0,9185;0,9085;0,9265;0,9065
11/06/95;0,9075;0,9115;0,9205;0,9055
04/06/95;0,913;0,901;0,922;0,901
28/05/95;0,9025;0,9035;0,9105;0,9015
21/05/95;0,903;0,889;0,904;0,887
14/05/95;0,8885;0,8915;0,8915;0,8865
07/05/95;0,8935;0,8995;0,9005;0,8895
30/04/95;0,9;0,918;0,918;0,898
23/04/95;0,9175;0,9155;0,9225;0,9085
16/04/95;0,9065;0,9025;0,9215;0,9015
09/04/95;0,9075;0,8955;0,9105;0,8945
02/04/95;0,895;0,9;0,907;0,891
26/03/95;0,9;0,907;0,912;0,892
19/03/95;0,903;0,897;0,921;0,892
12/03/95;0,897;0,88;0,901;0,879
05/03/95;0,8795;0,8565;0,8995;0,8565
26/02/95;0,857;0,85;0,859;0,846
19/02/95;0,8485;0,8415;0,8525;0,8395
12/02/95;0,842;0,835;0,853;0,833
05/02/95;0,8345;0,8385;0,8385;0,8325
29/01/95;0,8385;0,8445;0,8475;0,8375
22/01/95;0,8445;0,8485;0,856;0,8425
15/01/95;0,8485;0,8455;0,8515;0,8435
08/01/95;0,846;0,842;0,852;0,841
01/01/95;0,842;0,842;0,847;0,838
25/12/94;0,847;0,851;0,858;0,846
18/12/94;0,852;0,849;0,86;0,846
11/12/94;0,849;0,845;0,854;0,841
04/12/94;0,845;0,856;0,867;0,842
27/11/94;0,856;0,864;0,864;0,843
20/11/94;0,864;0,834;0,868;0,832
13/11/94;0,8335;0,8355;0,8385;0,8305
06/11/94;0,836;0,841;0,843;0,829
30/10/94;0,841;0,848;0,848;0,841
23/10/94;0,8475;0,8525;0,8555;0,8465
16/10/94;0,853;0,825;0,865;0,823
09/10/94;0,824;0,842;0,842;0,824
02/10/94;0,8415;0,8525;0,8525;0,8415
25/09/94;0,853;0,859;0,877;0,851
18/09/94;0,858;0,858;0,858;0,851
11/09/94;0,855;0,856;0,866;0,849
04/09/94;0,863;0,894;0,897;0,863
28/08/94;0,885;0,885;0,898;0,884
21/08/94;0,893;0,893;0,896;0,883
14/08/94;0,892;0,913;0,913;0,892
07/08/94;0,903;0,903;0,91;0,883
31/07/94;0,911;0,939;0,939;0,907
24/07/94;0,9365;0,9335;0,9405;0,9315
17/07/94;0,9355;0,9315;0,9385;0,9265
10/07/94;0,931;0,921;0,934;0,916
03/07/94;0,9175;0,9375;0,9475;0,9025
26/06/94;0,9625;0,9625;0,9625;0,9625
19/06/94;0,9261;0,9261;0,9261;0,9261
12/06/94;0,843;0,843;0,843;0,843
05/06/94;0,7706;0,7706;0,7706;0,7706
29/05/94;0,706;0,706;0,706;0,706
22/05/94;0,6706;0,6706;0,6706;0,6706
15/05/94;0,6066;0,6066;0,6066;0,6066
08/05/94;0,5579;0,5579;0,5579;0,5579
01/05/94;0,5136;0,5136;0,5136;0,5136
24/04/94;0,4736;0,4736;0,4736;0,4736
17/04/94;0,4334;0,4334;0,4334;0,4334
10/04/94;0,4018;0,4018;0,4018;0,4018
03/04/94;0,3653;0,3653;0,3653;0,3653
27/03/94;0,3321;0,3321;0,3321;0,3321
20/03/94;0,3142;0,3142;0,3142;0,3142
13/03/94;0,288;0,288;0,288;0,288
06/03/94;0,2662;0,2662;0,2662;0,2662
27/02/94;0,2465;0,2465;0,2465;0,2465
20/02/94;0,2283;0,2283;0,2283;0,2283
13/02/94;0,2124;0,2124;0,2124;0,2124
06/02/94;0,1973;0,1973;0,1973;0,1973
30/01/94;0,1798;0,1798;0,1798;0,1798
23/01/94;0,1637;0,1637;0,1637;0,1637
16/01/94;0,1504;0,1504;0,1504;0,1504
09/01/94;0,1409;0,1409;0,1409;0,1409
02/01/94;0,1283;0,1283;0,1283;0,1283
26/12/93;0,1167;0,1167;0,1167;0,1167
19/12/93;0,1084;0,1084;0,1084;0,1084
12/12/93;0,1024;0,1024;0,1024;0,1024
05/12/93;0,0955;0,0955;0,0955;0,0955
28/11/93;0,0893;0,0893;0,0893;0,0893
21/11/93;0,0834;0,0834;0,0834;0,0834
14/11/93;0,0772;0,0772;0,0772;0,0772
07/11/93;0,0726;0,0726;0,0726;0,0726
31/10/93;0,0673;0,0673;0,0673;0,0673
24/10/93;0,0633;0,0633;0,0633;0,0633
17/10/93;0,0586;0,0586;0,0586;0,0586
10/10/93;0,0543;0,0543;0,0543;0,0543
03/10/93;0,0518;0,0518;0,0518;0,0518
26/09/93;0,0473;0,0473;0,0473;0,0473
19/09/93;0,0438;0,0438;0,0438;0,0438
12/09/93;0,0408;0,0408;0,0408;0,0408
05/09/93;0,038;0,038;0,038;0,038
29/08/93;0,0364;0,0364;0,0364;0,0364
22/08/93;0,0335;0,0335;0,0335;0,0335
15/08/93;0,0313;0,0313;0,0313;0,0313
08/08/93;0,0294;0,0294;0,0294;0,0294
01/08/93;0,0276;0,0276;0,0276;0,0276
25/07/93;0,0259;0,0259;0,0259;0,0259
18/07/93;0,0243;0,0243;0,0243;0,0243
11/07/93;0,0229;0,0229;0,0229;0,0229
04/07/93;0,0215;0,0215;0,0215;0,0215
27/06/93;0,0205;0,0205;0,0205;0,0205
20/06/93;0,019;0,019;0,019;0,019
13/06/93;0,0179;0,0179;0,0179;0,0179
06/06/93;0,0168;0,0168;0,0168;0,0168
30/05/93;0,016;0,016;0,016;0,016
23/05/93;0,0152;0,0152;0,0152;0,0152
16/05/93;0,0141;0,0141;0,0141;0,0141
09/05/93;0,0133;0,0133;0,0133;0,0133
02/05/93;0,0125;0,0125;0,0125;0,0125
25/04/93;0,0117;0,0117;0,0117;0,0117
18/04/93;0,0126;0,0126;0,0126;0,0126
11/04/93;0,0119;0,0119;0,0119;0,0119
04/04/93;0,0111;0,0111;0,0111;0,0111
28/03/93;0,0107;0,0107;0,0107;0,0107
21/03/93;0,0101;0,0101;0,0101;0,0101
14/03/93;0,0096;0,0096;0,0096;0,0096
07/03/93;0,0089;0,0089;0,0089;0,0089
28/02/93;0,0084;0,0084;0,0084;0,0084
21/02/93;0,0079;0,0079;0,0079;0,0079
14/02/93;0,0075;0,0075;0,0075;0,0075
07/02/93;0,0071;0,0071;0,0071;0,0071
31/01/93;0,0065;0,0065;0,0065;0,0065
24/01/93;0,006;0,006;0,006;0,006
17/01/93;0,0057;0,0057;0,0057;0,0057
10/01/93;0,0055;0,0055;0,0055;0,0055
03/01/93;0,0052;0,0052;0,0052;0,0052
27/12/92;0,0055;0,0055;0,0055;0,0055
20/12/92;0,0052;0,0052;0,0052;0,0052
