{
    "sourceFile": "TelaPrincipal.html",
    "activeCommit": 0,
    "commits": [
        {
            "activePatchIndex": 15,
            "patches": [
                {
                    "date": 1715906590813,
                    "content": "Index: \n===================================================================\n--- \n+++ \n"
                },
                {
                    "date": 1715906598066,
                    "content": "Index: \n===================================================================\n--- \n+++ \n@@ -3,9 +3,9 @@\n <head>\r\n     <meta charset=\"UTF-8\">\r\n     <meta name=\"viewport\" content=\"width=device-width, initial-scale=1.0\">\r\n     <title>Máquina CNC</title>\r\n-    li\r\n+    <link rel=\"stylesheet\" href=\"css/TelaPrincipal.css\">\r\n </head>\r\n <body>\r\n     <h1>Máquina 1</h1>\r\n     <div id=\"statusMaquina\">\r\n@@ -25,6 +25,7 @@\n     <div id=\"rpmMaquina\">\r\n         <label for=\"rpm\">RPM: </label>\r\n         <p id=\"valorRPM\"> </p>\r\n     </div>\r\n+    <script></script>\r\n </body>\r\n </html>\n\\ No newline at end of file\n"
                },
                {
                    "date": 1715907435503,
                    "content": "Index: \n===================================================================\n--- \n+++ \n@@ -0,0 +1,31 @@\n+<!DOCTYPE html>\r\n+<html lang=\"pt_\">\r\n+<head>\r\n+    <meta charset=\"UTF-8\">\r\n+    <meta name=\"viewport\" content=\"width=device-width, initial-scale=1.0\">\r\n+    <title>Máquina CNC</title>\r\n+    <link rel=\"stylesheet\" href=\"css/TelaPrincipal.css\">\r\n+</head>\r\n+<body>\r\n+    <h1>Máquina 1</h1>\r\n+    <div id=\"statusMaquina\">\r\n+        <label for=\"status\" id=\"\">Status da máquina: </label>\r\n+        <p id=\"valorDoStatus\">Valor: </p>\r\n+    </div>\r\n+    <div id=\"posicionamentoFerramenta\">\r\n+        <label for=\"posicionamento\">Posicionamento da Ferramenta: </label>\r\n+        <p id=\"eixo_X\">X: </p>\r\n+        <p id=\"eixo_Y\">Y: </p>\r\n+        <p id=\"eixo_Z\">Z: </p>\r\n+    </div>\r\n+    <div id=\"taxaDeAvanco\">\r\n+        <label for=\"taxaAvanco\">Taxa de avanço: </label>\r\n+        <p id=\"valorAvanco\">F: </p>\r\n+    </div>\r\n+    <div id=\"rpmMaquina\">\r\n+        <label for=\"rpm\">RPM: </label>\r\n+        <p id=\"valorRPM\"> </p>\r\n+    </div>\r\n+    <script src=\"js/TelaPrincipal.js\"></script>\r\n+</body>\r\n+</html>\n\\ No newline at end of file\n"
                },
                {
                    "date": 1715907446245,
                    "content": "Index: \n===================================================================\n--- \n+++ \n@@ -0,0 +1,31 @@\n+<!DOCTYPE html>\r\n+<html lang=\"pt_\">\r\n+<head>\r\n+    <meta charset=\"UTF-8\">\r\n+    <meta name=\"viewport\" content=\"width=device-width, initial-scale=1.0\">\r\n+    <title>Máquina CNC</title>\r\n+    <link rel=\"stylesheet\" href=\"css/TelaPrincipal.css\">\r\n+</head>\r\n+<body>\r\n+    <h1>Máquina 1</h1>\r\n+    <div id=\"statusMaquina\">\r\n+        <label for=\"status\" id=\"tituloStatus\">Status da máquina: </label>\r\n+        <p id=\"valorDoStatus\">Valor: </p>\r\n+    </div>\r\n+    <div id=\"posicionamentoFerramenta\">\r\n+        <label for=\"posicionamento\">Posicionamento da Ferramenta: </label>\r\n+        <p id=\"eixo_X\">X: </p>\r\n+        <p id=\"eixo_Y\">Y: </p>\r\n+        <p id=\"eixo_Z\">Z: </p>\r\n+    </div>\r\n+    <div id=\"taxaDeAvanco\">\r\n+        <label for=\"taxaAvanco\">Taxa de avanço: </label>\r\n+        <p id=\"valorAvanco\">F: </p>\r\n+    </div>\r\n+    <div id=\"rpmMaquina\">\r\n+        <label for=\"rpm\">RPM: </label>\r\n+        <p id=\"valorRPM\"> </p>\r\n+    </div>\r\n+    <script src=\"js/TelaPrincipal.js\"></script>\r\n+</body>\r\n+</html>\n\\ No newline at end of file\n"
                },
                {
                    "date": 1715907860568,
                    "content": "Index: \n===================================================================\n--- \n+++ \n@@ -0,0 +1,31 @@\n+<!DOCTYPE html>\r\n+<html lang=\"pt_\">\r\n+<head>\r\n+    <meta charset=\"UTF-8\">\r\n+    <meta name=\"viewport\" content=\"width=device-width, initial-scale=1.0\">\r\n+    <title>Máquina CNC</title>\r\n+    <link rel=\"stylesheet\" href=\"css/TelaPrincipal.css\">\r\n+</head>\r\n+<body>\r\n+    <h1>Máquina 1</h1>\r\n+    <div id=\"statusMaquina\">\r\n+        <label for=\"status\" id=\"tituloStatus\">Status da máquina: </label>\r\n+        <p id=\"valorDoStatus\">Valor: </p>\r\n+    </div>\r\n+    <div id=\"posicionamentoFerramenta\">\r\n+        <label for=\"posicionamento\" id=\"titulo\">Posicionamento da Ferramenta: </label>\r\n+        <p id=\"eixo_X\">X: </p>\r\n+        <p id=\"eixo_Y\">Y: </p>\r\n+        <p id=\"eixo_Z\">Z: </p>\r\n+    </div>\r\n+    <div id=\"taxaDeAvanco\">\r\n+        <label for=\"taxaAvanco\">Taxa de avanço: </label>\r\n+        <p id=\"valorAvanco\">F: </p>\r\n+    </div>\r\n+    <div id=\"rpmMaquina\">\r\n+        <label for=\"rpm\">RPM: </label>\r\n+        <p id=\"valorRPM\"> </p>\r\n+    </div>\r\n+    <script src=\"js/TelaPrincipal.js\"></script>\r\n+</body>\r\n+</html>\n\\ No newline at end of file\n"
                },
                {
                    "date": 1715907867156,
                    "content": "Index: \n===================================================================\n--- \n+++ \n@@ -0,0 +1,31 @@\n+<!DOCTYPE html>\r\n+<html lang=\"pt_\">\r\n+<head>\r\n+    <meta charset=\"UTF-8\">\r\n+    <meta name=\"viewport\" content=\"width=device-width, initial-scale=1.0\">\r\n+    <title>Máquina CNC</title>\r\n+    <link rel=\"stylesheet\" href=\"css/TelaPrincipal.css\">\r\n+</head>\r\n+<body>\r\n+    <h1>Máquina 1</h1>\r\n+    <div id=\"statusMaquina\">\r\n+        <label for=\"status\" id=\"tituloStatus\">Status da máquina: </label>\r\n+        <p id=\"valorDoStatus\">Valor: </p>\r\n+    </div>\r\n+    <div id=\"posicionamentoFerramenta\">\r\n+        <label for=\"posicionamento\" id=\"tituloPosicionamento\">Posicionamento da Ferramenta: </label>\r\n+        <p id=\"eixo_X\">X: </p>\r\n+        <p id=\"eixo_Y\">Y: </p>\r\n+        <p id=\"eixo_Z\">Z: </p>\r\n+    </div>\r\n+    <div id=\"taxaDeAvanco\">\r\n+        <label for=\"taxaAvanco\">Taxa de avanço: </label>\r\n+        <p id=\"valorAvanco\">F: </p>\r\n+    </div>\r\n+    <div id=\"rpmMaquina\">\r\n+        <label for=\"rpm\">RPM: </label>\r\n+        <p id=\"valorRPM\"> </p>\r\n+    </div>\r\n+    <script src=\"js/TelaPrincipal.js\"></script>\r\n+</body>\r\n+</html>\n\\ No newline at end of file\n"
                },
                {
                    "date": 1715908001786,
                    "content": "Index: \n===================================================================\n--- \n+++ \n@@ -7,8 +7,9 @@\n     <link rel=\"stylesheet\" href=\"css/TelaPrincipal.css\">\r\n </head>\r\n <body>\r\n     <h1>Máquina 1</h1>\r\n+    <div></div>\r\n     <div id=\"statusMaquina\">\r\n         <label for=\"status\" id=\"tituloStatus\">Status da máquina: </label>\r\n         <p id=\"valorDoStatus\">Valor: </p>\r\n     </div>\r\n@@ -27,129 +28,5 @@\n         <p id=\"valorRPM\"> </p>\r\n     </div>\r\n     <script src=\"js/TelaPrincipal.js\"></script>\r\n </body>\r\n-</html>\n-<!DOCTYPE html>\r\n-<html lang=\"pt_\">\r\n-<head>\r\n-    <meta charset=\"UTF-8\">\r\n-    <meta name=\"viewport\" content=\"width=device-width, initial-scale=1.0\">\r\n-    <title>Máquina CNC</title>\r\n-    <link rel=\"stylesheet\" href=\"css/TelaPrincipal.css\">\r\n-</head>\r\n-<body>\r\n-    <h1>Máquina 1</h1>\r\n-    <div id=\"statusMaquina\">\r\n-        <label for=\"status\" id=\"tituloStatus\">Status da máquina: </label>\r\n-        <p id=\"valorDoStatus\">Valor: </p>\r\n-    </div>\r\n-    <div id=\"posicionamentoFerramenta\">\r\n-        <label for=\"posicionamento\" id=\"titulo\">Posicionamento da Ferramenta: </label>\r\n-        <p id=\"eixo_X\">X: </p>\r\n-        <p id=\"eixo_Y\">Y: </p>\r\n-        <p id=\"eixo_Z\">Z: </p>\r\n-    </div>\r\n-    <div id=\"taxaDeAvanco\">\r\n-        <label for=\"taxaAvanco\">Taxa de avanço: </label>\r\n-        <p id=\"valorAvanco\">F: </p>\r\n-    </div>\r\n-    <div id=\"rpmMaquina\">\r\n-        <label for=\"rpm\">RPM: </label>\r\n-        <p id=\"valorRPM\"> </p>\r\n-    </div>\r\n-    <script src=\"js/TelaPrincipal.js\"></script>\r\n-</body>\r\n-</html>\n-<!DOCTYPE html>\r\n-<html lang=\"pt_\">\r\n-<head>\r\n-    <meta charset=\"UTF-8\">\r\n-    <meta name=\"viewport\" content=\"width=device-width, initial-scale=1.0\">\r\n-    <title>Máquina CNC</title>\r\n-    <link rel=\"stylesheet\" href=\"css/TelaPrincipal.css\">\r\n-</head>\r\n-<body>\r\n-    <h1>Máquina 1</h1>\r\n-    <div id=\"statusMaquina\">\r\n-        <label for=\"status\" id=\"tituloStatus\">Status da máquina: </label>\r\n-        <p id=\"valorDoStatus\">Valor: </p>\r\n-    </div>\r\n-    <div id=\"posicionamentoFerramenta\">\r\n-        <label for=\"posicionamento\">Posicionamento da Ferramenta: </label>\r\n-        <p id=\"eixo_X\">X: </p>\r\n-        <p id=\"eixo_Y\">Y: </p>\r\n-        <p id=\"eixo_Z\">Z: </p>\r\n-    </div>\r\n-    <div id=\"taxaDeAvanco\">\r\n-        <label for=\"taxaAvanco\">Taxa de avanço: </label>\r\n-        <p id=\"valorAvanco\">F: </p>\r\n-    </div>\r\n-    <div id=\"rpmMaquina\">\r\n-        <label for=\"rpm\">RPM: </label>\r\n-        <p id=\"valorRPM\"> </p>\r\n-    </div>\r\n-    <script src=\"js/TelaPrincipal.js\"></script>\r\n-</body>\r\n-</html>\n-<!DOCTYPE html>\r\n-<html lang=\"pt_\">\r\n-<head>\r\n-    <meta charset=\"UTF-8\">\r\n-    <meta name=\"viewport\" content=\"width=device-width, initial-scale=1.0\">\r\n-    <title>Máquina CNC</title>\r\n-    <link rel=\"stylesheet\" href=\"css/TelaPrincipal.css\">\r\n-</head>\r\n-<body>\r\n-    <h1>Máquina 1</h1>\r\n-    <div id=\"statusMaquina\">\r\n-        <label for=\"status\" id=\"\">Status da máquina: </label>\r\n-        <p id=\"valorDoStatus\">Valor: </p>\r\n-    </div>\r\n-    <div id=\"posicionamentoFerramenta\">\r\n-        <label for=\"posicionamento\">Posicionamento da Ferramenta: </label>\r\n-        <p id=\"eixo_X\">X: </p>\r\n-        <p id=\"eixo_Y\">Y: </p>\r\n-        <p id=\"eixo_Z\">Z: </p>\r\n-    </div>\r\n-    <div id=\"taxaDeAvanco\">\r\n-        <label for=\"taxaAvanco\">Taxa de avanço: </label>\r\n-        <p id=\"valorAvanco\">F: </p>\r\n-    </div>\r\n-    <div id=\"rpmMaquina\">\r\n-        <label for=\"rpm\">RPM: </label>\r\n-        <p id=\"valorRPM\"> </p>\r\n-    </div>\r\n-    <script src=\"js/TelaPrincipal.js\"></script>\r\n-</body>\r\n-</html>\n-<!DOCTYPE html>\r\n-<html lang=\"pt_\">\r\n-<head>\r\n-    <meta charset=\"UTF-8\">\r\n-    <meta name=\"viewport\" content=\"width=device-width, initial-scale=1.0\">\r\n-    <title>Máquina CNC</title>\r\n-    <link rel=\"stylesheet\" href=\"css/TelaPrincipal.css\">\r\n-</head>\r\n-<body>\r\n-    <h1>Máquina 1</h1>\r\n-    <div id=\"statusMaquina\">\r\n-        <label for=\"status\">Status da máquina: </label>\r\n-        <p id=\"valorDoStatus\">Valor: </p>\r\n-    </div>\r\n-    <div id=\"posicionamentoFerramenta\">\r\n-        <label for=\"posicionamento\">Posicionamento da Ferramenta: </label>\r\n-        <p id=\"eixo_X\">X: </p>\r\n-        <p id=\"eixo_Y\">Y: </p>\r\n-        <p id=\"eixo_Z\">Z: </p>\r\n-    </div>\r\n-    <div id=\"taxaDeAvanco\">\r\n-        <label for=\"taxaAvanco\">Taxa de avanço: </label>\r\n-        <p id=\"valorAvanco\">F: </p>\r\n-    </div>\r\n-    <div id=\"rpmMaquina\">\r\n-        <label for=\"rpm\">RPM: </label>\r\n-        <p id=\"valorRPM\"> </p>\r\n-    </div>\r\n-    <script></script>\r\n-</body>\r\n </html>\n\\ No newline at end of file\n"
                },
                {
                    "date": 1715908009796,
                    "content": "Index: \n===================================================================\n--- \n+++ \n@@ -0,0 +1,32 @@\n+<!DOCTYPE html>\r\n+<html lang=\"pt_\">\r\n+<head>\r\n+    <meta charset=\"UTF-8\">\r\n+    <meta name=\"viewport\" content=\"width=device-width, initial-scale=1.0\">\r\n+    <title>Máquina CNC</title>\r\n+    <link rel=\"stylesheet\" href=\"css/TelaPrincipal.css\">\r\n+</head>\r\n+<body>\r\n+    <h1>Máquina 1</h1>\r\n+    <div class=\"colum\"></div>\r\n+    <div id=\"statusMaquina\">\r\n+        <label for=\"status\" id=\"tituloStatus\">Status da máquina: </label>\r\n+        <p id=\"valorDoStatus\">Valor: </p>\r\n+    </div>\r\n+    <div id=\"posicionamentoFerramenta\">\r\n+        <label for=\"posicionamento\" id=\"tituloPosicionamento\">Posicionamento da Ferramenta: </label>\r\n+        <p id=\"eixo_X\">X: </p>\r\n+        <p id=\"eixo_Y\">Y: </p>\r\n+        <p id=\"eixo_Z\">Z: </p>\r\n+    </div>\r\n+    <div id=\"taxaDeAvanco\">\r\n+        <label for=\"taxaAvanco\">Taxa de avanço: </label>\r\n+        <p id=\"valorAvanco\">F: </p>\r\n+    </div>\r\n+    <div id=\"rpmMaquina\">\r\n+        <label for=\"rpm\">RPM: </label>\r\n+        <p id=\"valorRPM\"> </p>\r\n+    </div>\r\n+    <script src=\"js/TelaPrincipal.js\"></script>\r\n+</body>\r\n+</html>\n\\ No newline at end of file\n"
                },
                {
                    "date": 1715908029144,
                    "content": "Index: \n===================================================================\n--- \n+++ \n@@ -0,0 +1,32 @@\n+<!DOCTYPE html>\r\n+<html lang=\"pt_\">\r\n+<head>\r\n+    <meta charset=\"UTF-8\">\r\n+    <meta name=\"viewport\" content=\"width=device-width, initial-scale=1.0\">\r\n+    <title>Máquina CNC</title>\r\n+    <link rel=\"stylesheet\" href=\"css/TelaPrincipal.css\">\r\n+</head>\r\n+<body>\r\n+    <h1>Máquina 1</h1>\r\n+    <div class=\"\"></div>\r\n+    <div id=\"statusMaquina\">\r\n+        <label for=\"status\" id=\"tituloStatus\">Status da máquina: </label>\r\n+        <p id=\"valorDoStatus\">Valor: </p>\r\n+    </div>\r\n+    <div id=\"posicionamentoFerramenta\">\r\n+        <label for=\"posicionamento\" id=\"tituloPosicionamento\">Posicionamento da Ferramenta: </label>\r\n+        <p id=\"eixo_X\">X: </p>\r\n+        <p id=\"eixo_Y\">Y: </p>\r\n+        <p id=\"eixo_Z\">Z: </p>\r\n+    </div>\r\n+    <div id=\"taxaDeAvanco\">\r\n+        <label for=\"taxaAvanco\">Taxa de avanço: </label>\r\n+        <p id=\"valorAvanco\">F: </p>\r\n+    </div>\r\n+    <div id=\"rpmMaquina\">\r\n+        <label for=\"rpm\">RPM: </label>\r\n+        <p id=\"valorRPM\"> </p>\r\n+    </div>\r\n+    <script src=\"js/TelaPrincipal.js\"></script>\r\n+</body>\r\n+</html>\n\\ No newline at end of file\n"
                },
                {
                    "date": 1715908036586,
                    "content": "Index: \n===================================================================\n--- \n+++ \n@@ -0,0 +1,32 @@\n+<!DOCTYPE html>\r\n+<html lang=\"pt_\">\r\n+<head>\r\n+    <meta charset=\"UTF-8\">\r\n+    <meta name=\"viewport\" content=\"width=device-width, initial-scale=1.0\">\r\n+    <title>Máquina CNC</title>\r\n+    <link rel=\"stylesheet\" href=\"css/TelaPrincipal.css\">\r\n+</head>\r\n+<body>\r\n+    <h1>Máquina 1</h1>\r\n+    <div class=\"container\"></div>\r\n+    <div id=\"statusMaquina\">\r\n+        <label for=\"status\" id=\"tituloStatus\">Status da máquina: </label>\r\n+        <p id=\"valorDoStatus\">Valor: </p>\r\n+    </div>\r\n+    <div id=\"posicionamentoFerramenta\">\r\n+        <label for=\"posicionamento\" id=\"tituloPosicionamento\">Posicionamento da Ferramenta: </label>\r\n+        <p id=\"eixo_X\">X: </p>\r\n+        <p id=\"eixo_Y\">Y: </p>\r\n+        <p id=\"eixo_Z\">Z: </p>\r\n+    </div>\r\n+    <div id=\"taxaDeAvanco\">\r\n+        <label for=\"taxaAvanco\">Taxa de avanço: </label>\r\n+        <p id=\"valorAvanco\">F: </p>\r\n+    </div>\r\n+    <div id=\"rpmMaquina\">\r\n+        <label for=\"rpm\">RPM: </label>\r\n+        <p id=\"valorRPM\"> </p>\r\n+    </div>\r\n+    <script src=\"js/TelaPrincipal.js\"></script>\r\n+</body>\r\n+</html>\n\\ No newline at end of file\n"
                },
                {
                    "date": 1715908047015,
                    "content": "Index: \n===================================================================\n--- \n+++ \n@@ -0,0 +1,15 @@\n+<!DOCTYPE html>\r\n+<html lang=\"pt_\">\r\n+<head>\r\n+    <meta charset=\"UTF-8\">\r\n+    <meta name=\"viewport\" content=\"width=device-width, initial-scale=1.0\">\r\n+    <title>Máquina CNC</title>\r\n+    <link rel=\"stylesheet\" href=\"css/TelaPrincipal.css\">\r\n+</head>\r\n+<body>\r\n+    <h1>Máquina 1</h1>\r\n+    <div class=\"container\"></div>\r\n+    \r\n+    <script src=\"js/TelaPrincipal.js\"></script>\r\n+</body>\r\n+</html>\n\\ No newline at end of file\n"
                },
                {
                    "date": 1715908390842,
                    "content": "Index: \n===================================================================\n--- \n+++ \n@@ -7,137 +7,27 @@\n     <link rel=\"stylesheet\" href=\"css/TelaPrincipal.css\">\r\n </head>\r\n <body>\r\n     <h1>Máquina 1</h1>\r\n-    <div class=\"container\"></div>\r\n-    \r\n-    <script src=\"js/TelaPrincipal.js\"></script>\r\n-</body>\r\n-</html>\n-<!DOCTYPE html>\r\n-<html lang=\"pt_\">\r\n-<head>\r\n-    <meta charset=\"UTF-8\">\r\n-    <meta name=\"viewport\" content=\"width=device-width, initial-scale=1.0\">\r\n-    <title>Máquina CNC</title>\r\n-    <link rel=\"stylesheet\" href=\"css/TelaPrincipal.css\">\r\n-</head>\r\n-<body>\r\n-    <h1>Máquina 1</h1>\r\n-    <div class=\"container\"></div>\r\n-    <div id=\"statusMaquina\">\r\n-        <label for=\"status\" id=\"tituloStatus\">Status da máquina: </label>\r\n-        <p id=\"valorDoStatus\">Valor: </p>\r\n+    <div class=\"containerCima\">\r\n+        <div id=\"statusMaquina\">\r\n+            <label for=\"status\" id=\"tituloStatus\">Status da máquina: </label>\r\n+            <p id=\"valorDoStatus\">Valor: </p>\r\n+        </div>\r\n+        <div id=\"posicionamentoFerramenta\">\r\n+            <label for=\"posicionamento\" id=\"tituloPosicionamento\">Posicionamento da Ferramenta: </label>\r\n+            <p id=\"eixo_X\">X: </p>\r\n+            <p id=\"eixo_Y\">Y: </p>\r\n+            <p id=\"eixo_Z\">Z: </p>\r\n+        </div>\r\n+        <div id=\"taxaDeAvanco\">\r\n+            <label for=\"taxaAvanco\">Taxa de avanço: </label>\r\n+            <p id=\"valorAvanco\">F: </p>\r\n+        </div>\r\n+        <div id=\"rpmMaquina\">\r\n+            <label for=\"rpm\">RPM: </label>\r\n+            <p id=\"valorRPM\"> </p>\r\n+        </div>\r\n     </div>\r\n-    <div id=\"posicionamentoFerramenta\">\r\n-        <label for=\"posicionamento\" id=\"tituloPosicionamento\">Posicionamento da Ferramenta: </label>\r\n-        <p id=\"eixo_X\">X: </p>\r\n-        <p id=\"eixo_Y\">Y: </p>\r\n-        <p id=\"eixo_Z\">Z: </p>\r\n-    </div>\r\n-    <div id=\"taxaDeAvanco\">\r\n-        <label for=\"taxaAvanco\">Taxa de avanço: </label>\r\n-        <p id=\"valorAvanco\">F: </p>\r\n-    </div>\r\n-    <div id=\"rpmMaquina\">\r\n-        <label for=\"rpm\">RPM: </label>\r\n-        <p id=\"valorRPM\"> </p>\r\n-    </div>\r\n     <script src=\"js/TelaPrincipal.js\"></script>\r\n </body>\r\n-</html>\n-<!DOCTYPE html>\r\n-<html lang=\"pt_\">\r\n-<head>\r\n-    <meta charset=\"UTF-8\">\r\n-    <meta name=\"viewport\" content=\"width=device-width, initial-scale=1.0\">\r\n-    <title>Máquina CNC</title>\r\n-    <link rel=\"stylesheet\" href=\"css/TelaPrincipal.css\">\r\n-</head>\r\n-<body>\r\n-    <h1>Máquina 1</h1>\r\n-    <div class=\"\"></div>\r\n-    <div id=\"statusMaquina\">\r\n-        <label for=\"status\" id=\"tituloStatus\">Status da máquina: </label>\r\n-        <p id=\"valorDoStatus\">Valor: </p>\r\n-    </div>\r\n-    <div id=\"posicionamentoFerramenta\">\r\n-        <label for=\"posicionamento\" id=\"tituloPosicionamento\">Posicionamento da Ferramenta: </label>\r\n-        <p id=\"eixo_X\">X: </p>\r\n-        <p id=\"eixo_Y\">Y: </p>\r\n-        <p id=\"eixo_Z\">Z: </p>\r\n-    </div>\r\n-    <div id=\"taxaDeAvanco\">\r\n-        <label for=\"taxaAvanco\">Taxa de avanço: </label>\r\n-        <p id=\"valorAvanco\">F: </p>\r\n-    </div>\r\n-    <div id=\"rpmMaquina\">\r\n-        <label for=\"rpm\">RPM: </label>\r\n-        <p id=\"valorRPM\"> </p>\r\n-    </div>\r\n-    <script src=\"js/TelaPrincipal.js\"></script>\r\n-</body>\r\n-</html>\n-<!DOCTYPE html>\r\n-<html lang=\"pt_\">\r\n-<head>\r\n-    <meta charset=\"UTF-8\">\r\n-    <meta name=\"viewport\" content=\"width=device-width, initial-scale=1.0\">\r\n-    <title>Máquina CNC</title>\r\n-    <link rel=\"stylesheet\" href=\"css/TelaPrincipal.css\">\r\n-</head>\r\n-<body>\r\n-    <h1>Máquina 1</h1>\r\n-    <div class=\"colum\"></div>\r\n-    <div id=\"statusMaquina\">\r\n-        <label for=\"status\" id=\"tituloStatus\">Status da máquina: </label>\r\n-        <p id=\"valorDoStatus\">Valor: </p>\r\n-    </div>\r\n-    <div id=\"posicionamentoFerramenta\">\r\n-        <label for=\"posicionamento\" id=\"tituloPosicionamento\">Posicionamento da Ferramenta: </label>\r\n-        <p id=\"eixo_X\">X: </p>\r\n-        <p id=\"eixo_Y\">Y: </p>\r\n-        <p id=\"eixo_Z\">Z: </p>\r\n-    </div>\r\n-    <div id=\"taxaDeAvanco\">\r\n-        <label for=\"taxaAvanco\">Taxa de avanço: </label>\r\n-        <p id=\"valorAvanco\">F: </p>\r\n-    </div>\r\n-    <div id=\"rpmMaquina\">\r\n-        <label for=\"rpm\">RPM: </label>\r\n-        <p id=\"valorRPM\"> </p>\r\n-    </div>\r\n-    <script src=\"js/TelaPrincipal.js\"></script>\r\n-</body>\r\n-</html>\n-<!DOCTYPE html>\r\n-<html lang=\"pt_\">\r\n-<head>\r\n-    <meta charset=\"UTF-8\">\r\n-    <meta name=\"viewport\" content=\"width=device-width, initial-scale=1.0\">\r\n-    <title>Máquina CNC</title>\r\n-    <link rel=\"stylesheet\" href=\"css/TelaPrincipal.css\">\r\n-</head>\r\n-<body>\r\n-    <h1>Máquina 1</h1>\r\n-    <div></div>\r\n-    <div id=\"statusMaquina\">\r\n-        <label for=\"status\" id=\"tituloStatus\">Status da máquina: </label>\r\n-        <p id=\"valorDoStatus\">Valor: </p>\r\n-    </div>\r\n-    <div id=\"posicionamentoFerramenta\">\r\n-        <label for=\"posicionamento\" id=\"tituloPosicionamento\">Posicionamento da Ferramenta: </label>\r\n-        <p id=\"eixo_X\">X: </p>\r\n-        <p id=\"eixo_Y\">Y: </p>\r\n-        <p id=\"eixo_Z\">Z: </p>\r\n-    </div>\r\n-    <div id=\"taxaDeAvanco\">\r\n-        <label for=\"taxaAvanco\">Taxa de avanço: </label>\r\n-        <p id=\"valorAvanco\">F: </p>\r\n-    </div>\r\n-    <div id=\"rpmMaquina\">\r\n-        <label for=\"rpm\">RPM: </label>\r\n-        <p id=\"valorRPM\"> </p>\r\n-    </div>\r\n-    <script src=\"js/TelaPrincipal.js\"></script>\r\n-</body>\r\n </html>\n\\ No newline at end of file\n"
                },
                {
                    "date": 1715908402223,
                    "content": "Index: \n===================================================================\n--- \n+++ \n@@ -0,0 +1,15 @@\n+<!DOCTYPE html>\r\n+<html lang=\"pt_\">\r\n+<head>\r\n+    <meta charset=\"UTF-8\">\r\n+    <meta name=\"viewport\" content=\"width=device-width, initial-scale=1.0\">\r\n+    <title>Máquina CNC</title>\r\n+    <link rel=\"stylesheet\" href=\"css/TelaPrincipal.css\">\r\n+</head>\r\n+<body>\r\n+    <h1>Máquina 1</h1>\r\n+    <div class=\"container\"></div>\r\n+    \r\n+    <script src=\"js/TelaPrincipal.js\"></script>\r\n+</body>\r\n+</html>\n\\ No newline at end of file\n"
                },
                {
                    "date": 1715908407960,
                    "content": "Index: \n===================================================================\n--- \n+++ \n@@ -0,0 +1,23 @@\n+<!DOCTYPE html>\r\n+<html lang=\"pt_\">\r\n+<head>\r\n+    <meta charset=\"UTF-8\">\r\n+    <meta name=\"viewport\" content=\"width=device-width, initial-scale=1.0\">\r\n+    <title>Máquina CNC</title>\r\n+    <link rel=\"stylesheet\" href=\"css/TelaPrincipal.css\">\r\n+</head>\r\n+<body>\r\n+    <h1>Máquina 1</h1>\r\n+    <div class=\"container\"></div>\r\n+    \r\n+    <div id=\"taxaDeAvanco\">\r\n+        <label for=\"taxaAvanco\">Taxa de avanço: </label>\r\n+        <p id=\"valorAvanco\">F: </p>\r\n+    </div>\r\n+    <div id=\"rpmMaquina\">\r\n+        <label for=\"rpm\">RPM: </label>\r\n+        <p id=\"valorRPM\"> </p>\r\n+    </div>\r\n+    <script src=\"js/TelaPrincipal.js\"></script>\r\n+</body>\r\n+</html>\n\\ No newline at end of file\n"
                },
                {
                    "date": 1715908414541,
                    "content": "Index: \n===================================================================\n--- \n+++ \n@@ -20,8 +20,9 @@\n             <p id=\"eixo_Z\">Z: </p>\r\n         </div>\r\n     </div>\r\n     \r\n+    <div></div>\r\n     <div id=\"taxaDeAvanco\">\r\n         <label for=\"taxaAvanco\">Taxa de avanço: </label>\r\n         <p id=\"valorAvanco\">F: </p>\r\n     </div>\r\n"
                },
                {
                    "date": 1715908421451,
                    "content": "Index: \n===================================================================\n--- \n+++ \n@@ -0,0 +1,35 @@\n+<!DOCTYPE html>\r\n+<html lang=\"pt_\">\r\n+<head>\r\n+    <meta charset=\"UTF-8\">\r\n+    <meta name=\"viewport\" content=\"width=device-width, initial-scale=1.0\">\r\n+    <title>Máquina CNC</title>\r\n+    <link rel=\"stylesheet\" href=\"css/TelaPrincipal.css\">\r\n+</head>\r\n+<body>\r\n+    <h1>Máquina 1</h1>\r\n+    <div class=\"container\">\r\n+        <div id=\"statusMaquina\">\r\n+            <label for=\"status\" id=\"tituloStatus\">Status da máquina: </label>\r\n+            <p id=\"valorDoStatus\">Valor: </p>\r\n+        </div>\r\n+        <div id=\"posicionamentoFerramenta\">\r\n+            <label for=\"posicionamento\" id=\"tituloPosicionamento\">Posicionamento da Ferramenta: </label>\r\n+            <p id=\"eixo_X\">X: </p>\r\n+            <p id=\"eixo_Y\">Y: </p>\r\n+            <p id=\"eixo_Z\">Z: </p>\r\n+        </div>\r\n+    </div>\r\n+    \r\n+    <div class=\"containerBaixo\"></div>\r\n+    <div id=\"taxaDeAvanco\">\r\n+        <label for=\"taxaAvanco\">Taxa de avanço: </label>\r\n+        <p id=\"valorAvanco\">F: </p>\r\n+    </div>\r\n+    <div id=\"rpmMaquina\">\r\n+        <label for=\"rpm\">RPM: </label>\r\n+        <p id=\"valorRPM\"> </p>\r\n+    </div>\r\n+    <script src=\"js/TelaPrincipal.js\"></script>\r\n+</body>\r\n+</html>\n\\ No newline at end of file\n"
                }
            ],
            "date": 1715906590813,
            "name": "Commit-0",
            "content": "<!DOCTYPE html>\r\n<html lang=\"pt_\">\r\n<head>\r\n    <meta charset=\"UTF-8\">\r\n    <meta name=\"viewport\" content=\"width=device-width, initial-scale=1.0\">\r\n    <title>Máquina CNC</title>\r\n    li\r\n</head>\r\n<body>\r\n    <h1>Máquina 1</h1>\r\n    <div id=\"statusMaquina\">\r\n        <label for=\"status\">Status da máquina: </label>\r\n        <p id=\"valorDoStatus\">Valor: </p>\r\n    </div>\r\n    <div id=\"posicionamentoFerramenta\">\r\n        <label for=\"posicionamento\">Posicionamento da Ferramenta: </label>\r\n        <p id=\"eixo_X\">X: </p>\r\n        <p id=\"eixo_Y\">Y: </p>\r\n        <p id=\"eixo_Z\">Z: </p>\r\n    </div>\r\n    <div id=\"taxaDeAvanco\">\r\n        <label for=\"taxaAvanco\">Taxa de avanço: </label>\r\n        <p id=\"valorAvanco\">F: </p>\r\n    </div>\r\n    <div id=\"rpmMaquina\">\r\n        <label for=\"rpm\">RPM: </label>\r\n        <p id=\"valorRPM\"> </p>\r\n    </div>\r\n</body>\r\n</html>"
        }
    ]
}